"","Position","P.start","Occup","N/L","Affinity"
"1",1,0,0,0,NA
"2",2,0,0,0,NA
"3",3,0,0,0,NA
"4",4,0.001,0.001,0,NA
"5",5,0.004,0.005,0,NA
"6",6,0.001,0.006,0,NA
"7",7,0.001,0.008,0,NA
"8",8,0.002,0.01,0,NA
"9",9,0.002,0.012,0,NA
"10",10,0.008,0.02,0,NA
"11",11,0,0.02,0,NA
"12",12,0,0.02,0,NA
"13",13,0,0.02,0,NA
"14",14,0.001,0.02,0,NA
"15",15,0,0.02,0,NA
"16",16,0.005,0.025,0,NA
"17",17,0,0.026,0,NA
"18",18,0.001,0.026,0,NA
"19",19,0.006,0.032,0,NA
"20",20,0.27,0.302,1,NA
"21",21,0.24,0.542,1,NA
"22",22,0.133,0.675,1,NA
"23",23,0.093,0.768,1,NA
"24",24,0.003,0.771,1,NA
"25",25,0.002,0.773,1,NA
"26",26,0,0.773,1,NA
"27",27,0.002,0.775,1,NA
"28",28,0.006,0.781,1,NA
"29",29,0.001,0.782,1,NA
"30",30,0,0.782,1,NA
"31",31,0,0.783,1,NA
"32",32,0,0.783,1,NA
"33",33,0.001,0.784,1,NA
"34",34,0.002,0.785,1,NA
"35",35,0.131,0.916,1,NA
"36",36,0.018,0.934,1,NA
"37",37,0.056,0.99,1,NA
"38",38,0.002,0.992,1,NA
"39",39,0.007,0.999,1,NA
"40",40,0,0.999,1,NA
"41",41,0,0.999,1,NA
"42",42,0,0.999,1,NA
"43",43,0,0.999,1,NA
"44",44,0,1,1,NA
"45",45,0,1,1,NA
"46",46,0,1,1,NA
"47",47,0,1,1,NA
"48",48,0,1,1,NA
"49",49,0,1,1,NA
"50",50,0,1,1,NA
"51",51,0,1,1,NA
"52",52,0,1,1,NA
"53",53,0,1,1,NA
"54",54,0,1,1,NA
"55",55,0,1,1,NA
"56",56,0,1,1,NA
"57",57,0,1,1,NA
"58",58,0,1,1,NA
"59",59,0,1,1,NA
"60",60,0,1,1,NA
"61",61,0,1,1,NA
"62",62,0,1,1,NA
"63",63,0,1,1,NA
"64",64,0,1,1,NA
"65",65,0,1,1,NA
"66",66,0,1,1,NA
"67",67,0,1,1,NA
"68",68,0,1,1,NA
"69",69,0,1,1,NA
"70",70,0,1,1,NA
"71",71,0,1,1,NA
"72",72,0,1,1,NA
"73",73,0,1,1,NA
"74",74,0,1,1,1.226
"75",75,0,1,1,1.231
"76",76,0,1,1,1.229
"77",77,0,1,1,1.225
"78",78,0,1,1,1.219
"79",79,0,1,1,1.219
"80",80,0,1,1,1.223
"81",81,0,1,1,1.237
"82",82,0,1,1,1.246
"83",83,0,1,1,1.257
"84",84,0,1,1,1.258
"85",85,0,1,1,1.26
"86",86,0,1,1,1.254
"87",87,0,1,1,1.252
"88",88,0,1,1,1.244
"89",89,0,1,1,1.236
"90",90,0,1,1,1.227
"91",91,0,1,1,1.223
"92",92,0,1,1,1.218
"93",93,0,1,1,1.214
"94",94,0,1,1,1.21
"95",95,0,1,1,1.208
"96",96,0,1,1,1.2
"97",97,0,1,1,1.192
"98",98,0,1,1,1.182
"99",99,0,1,1,1.177
"100",100,0,1,1,1.17
"101",101,0,1,1,1.161
"102",102,0,1,1,1.153
"103",103,0,1,1,1.148
"104",104,0,1,1,1.14
"105",105,0,1,1,1.125
"106",106,0,1,1,1.11
"107",107,0,1,1,1.095
"108",108,0,1,1,1.087
"109",109,0,1,1,1.079
"110",110,0,1,1,1.072
"111",111,0,1,1,1.059
"112",112,0,1,1,1.056
"113",113,0,1,1,1.058
"114",114,0,1,1,1.059
"115",115,0,1,1,1.054
"116",116,0,1,1,1.047
"117",117,0,1,1,1.035
"118",118,0,1,1,1.031
"119",119,0,1,1,1.017
"120",120,0,1,1,0.993
"121",121,0,1,1,0.969
"122",122,0,1,1,0.946
"123",123,0,1,1,0.922
"124",124,0,1,1,0.899
"125",125,0,1,1,0.879
"126",126,0,1,1,0.868
"127",127,0,1,1,0.862
"128",128,0,1,1,0.855
"129",129,0,1,1,0.843
"130",130,0,1,1,0.824
"131",131,0,1,1,0.812
"132",132,0,1,1,0.804
"133",133,0,1,1,0.799
"134",134,0,1,1,0.782
"135",135,0,1,1,0.767
"136",136,0,1,1,0.741
"137",137,0,1,1,0.727
"138",138,0,1,1,0.71
"139",139,0,1,1,0.695
"140",140,0,1,1,0.679
"141",141,0,1,1,0.67
"142",142,0,1,1,0.665
"143",143,0,1,1,0.664
"144",144,0,1,1,0.662
"145",145,0,1,1,0.653
"146",146,0,1,1,0.644
"147",147,0,1,1,0.633
"148",148,0,1,1,0.619
"149",149,0,1,1,0.604
"150",150,0,1,1,0.587
"151",151,0,0.999,1,0.576
"152",152,0,0.995,1,0.561
"153",153,0,0.994,1,0.544
"154",154,0,0.992,1,0.526
"155",155,0,0.99,1,0.508
"156",156,0,0.988,1,0.492
"157",157,0,0.98,1,0.476
"158",158,0,0.98,1,0.467
"159",159,0,0.98,1,0.455
"160",160,0,0.98,1,0.446
"161",161,0,0.98,1,0.431
"162",162,0,0.98,1,0.413
"163",163,0,0.975,1,0.398
"164",164,0,0.974,1,0.382
"165",165,0,0.974,1,0.377
"166",166,0,0.968,1,0.372
"167",167,0,0.698,0,0.359
"168",168,0.001,0.459,0,0.338
"169",169,0,0.326,0,0.318
"170",170,0,0.234,0,0.294
"171",171,0,0.231,0,0.272
"172",172,0,0.229,0,0.256
"173",173,0,0.229,0,0.242
"174",174,0,0.227,0,0.231
"175",175,0,0.221,0,0.223
"176",176,0,0.22,0,0.206
"177",177,0,0.22,0,0.186
"178",178,0,0.219,0,0.162
"179",179,0,0.219,0,0.137
"180",180,0,0.219,0,0.117
"181",181,0,0.217,0,0.096
"182",182,0,0.086,0,0.067
"183",183,0,0.068,0,0.029
"184",184,0,0.012,0,0.001
"185",185,0,0.01,0,-0.013
"186",186,0,0.003,0,-0.028
"187",187,0,0.003,0,-0.053
"188",188,0,0.003,0,-0.082
"189",189,0,0.003,0,-0.098
"190",190,0,0.003,0,-0.114
"191",191,0,0.003,0,-0.127
"192",192,0,0.003,0,-0.15
"193",193,0,0.003,0,-0.178
"194",194,0,0.003,0,-0.2
"195",195,0,0.003,0,-0.218
"196",196,0,0.003,0,-0.235
"197",197,0,0.003,0,-0.265
"198",198,0,0.003,0,-0.294
"199",199,0.001,0.004,0,-0.324
"200",200,0,0.004,0,-0.347
"201",201,0.002,0.006,0,-0.373
"202",202,0,0.006,0,-0.397
"203",203,0,0.006,0,-0.416
"204",204,0,0.006,0,-0.432
"205",205,0,0.006,0,-0.447
"206",206,0,0.006,0,-0.466
"207",207,0,0.006,0,-0.486
"208",208,0,0.006,0,-0.502
"209",209,0,0.006,0,-0.515
"210",210,0,0.006,0,-0.525
"211",211,0,0.006,0,-0.538
"212",212,0,0.006,0,-0.546
"213",213,0,0.006,0,-0.555
"214",214,0,0.006,0,-0.566
"215",215,0,0.006,0,-0.582
"216",216,0,0.006,0,-0.599
"217",217,0,0.006,0,-0.605
"218",218,0,0.006,0,-0.621
"219",219,0,0.006,0,-0.641
"220",220,0,0.006,0,-0.672
"221",221,0,0.006,0,-0.694
"222",222,0,0.006,0,-0.716
"223",223,0,0.006,0,-0.725
"224",224,0,0.006,0,-0.747
"225",225,0,0.006,0,-0.765
"226",226,0,0.006,0,-0.787
"227",227,0,0.006,0,-0.804
"228",228,0,0.006,0,-0.829
"229",229,0,0.006,0,-0.846
"230",230,0,0.006,0,-0.861
"231",231,0,0.006,0,-0.877
"232",232,0,0.006,0,-0.895
"233",233,0,0.006,0,-0.904
"234",234,0,0.006,0,-0.91
"235",235,0,0.006,0,-0.916
"236",236,0,0.006,0,-0.931
"237",237,0,0.006,0,-0.938
"238",238,0,0.006,0,-0.94
"239",239,0,0.006,0,-0.948
"240",240,0,0.006,0,-0.965
"241",241,0,0.006,0,-0.982
"242",242,0,0.006,0,-0.995
"243",243,0,0.006,0,-1.003
"244",244,0,0.006,0,-1.006
"245",245,0,0.006,0,-1.012
"246",246,0,0.006,0,-1.02
"247",247,0,0.006,0,-1.022
"248",248,0,0.006,0,-1.024
"249",249,0,0.006,0,-1.026
"250",250,0,0.006,0,-1.038
"251",251,0,0.006,0,-1.056
"252",252,0,0.006,0,-1.068
"253",253,0,0.006,0,-1.076
"254",254,0,0.006,0,-1.08
"255",255,0,0.006,0,-1.083
"256",256,0,0.006,0,-1.085
"257",257,0,0.006,0,-1.091
"258",258,0,0.006,0,-1.106
"259",259,0,0.006,0,-1.114
"260",260,0,0.006,0,-1.122
"261",261,0,0.006,0,-1.129
"262",262,0,0.006,0,-1.132
"263",263,0,0.006,0,-1.132
"264",264,0,0.006,0,-1.136
"265",265,0,0.006,0,-1.146
"266",266,0,0.006,0,-1.155
"267",267,0,0.006,0,-1.163
"268",268,0,0.006,0,-1.169
"269",269,0,0.006,0,-1.171
"270",270,0,0.006,0,-1.167
"271",271,0,0.006,0,-1.165
"272",272,0,0.006,0,-1.166
"273",273,0,0.006,0,-1.17
"274",274,0,0.006,0,-1.174
"275",275,0,0.006,0,-1.18
"276",276,0,0.006,0,-1.196
"277",277,0,0.006,0,-1.208
"278",278,0,0.006,0,-1.219
"279",279,0,0.006,0,-1.215
"280",280,0,0.006,0,-1.206
"281",281,0,0.006,0,-1.199
"282",282,0,0.006,0,-1.203
"283",283,0,0.006,0,-1.205
"284",284,0,0.006,0,-1.211
"285",285,0,0.006,0,-1.218
"286",286,0,0.006,0,-1.224
"287",287,0,0.006,0,-1.22
"288",288,0,0.006,0,-1.22
"289",289,0,0.006,0,-1.217
"290",290,0,0.006,0,-1.21
"291",291,0,0.006,0,-1.203
"292",292,0,0.006,0,-1.201
"293",293,0,0.006,0,-1.208
"294",294,0,0.006,0,-1.212
"295",295,0,0.006,0,-1.213
"296",296,0,0.006,0,-1.209
"297",297,0,0.006,0,-1.205
"298",298,0,0.006,0,-1.204
"299",299,0,0.006,0,-1.21
"300",300,0,0.006,0,-1.216
"301",301,0.001,0.007,0,-1.225
"302",302,0,0.007,0,-1.236
"303",303,0,0.007,0,-1.244
"304",304,0,0.007,0,-1.254
"305",305,0,0.007,0,-1.255
"306",306,0,0.007,0,-1.25
"307",307,0,0.007,0,-1.245
"308",308,0,0.007,0,-1.239
"309",309,0,0.007,0,-1.239
"310",310,0,0.007,0,-1.237
"311",311,0,0.007,0,-1.235
"312",312,0,0.007,0,-1.227
"313",313,0,0.007,0,-1.215
"314",314,0,0.007,0,-1.212
"315",315,0,0.006,0,-1.212
"316",316,0,0.006,0,-1.207
"317",317,0,0.006,0,-1.201
"318",318,0,0.006,0,-1.191
"319",319,0,0.005,0,-1.179
"320",320,0,0.005,0,-1.161
"321",321,0,0.005,0,-1.138
"322",322,0,0.005,0,-1.126
"323",323,0.001,0.006,0,-1.122
"324",324,0,0.006,0,-1.125
"325",325,0,0.006,0,-1.126
"326",326,0.001,0.007,0,-1.121
"327",327,0,0.007,0,-1.113
"328",328,0,0.007,0,-1.101
"329",329,0,0.007,0,-1.083
"330",330,0,0.007,0,-1.064
"331",331,0.143,0.15,0,-1.041
"332",332,0.037,0.187,0,-1.022
"333",333,0.011,0.198,0,-1.011
"334",334,0.002,0.2,0,-1.003
"335",335,0,0.2,0,-0.995
"336",336,0,0.2,0,-0.979
"337",337,0,0.2,0,-0.954
"338",338,0,0.2,0,-0.926
"339",339,0,0.2,0,-0.902
"340",340,0,0.2,0,-0.882
"341",341,0,0.2,0,-0.861
"342",342,0,0.2,0,-0.843
"343",343,0,0.2,0,-0.826
"344",344,0,0.2,0,-0.811
"345",345,0,0.2,0,-0.793
"346",346,0,0.199,0,-0.775
"347",347,0,0.199,0,-0.749
"348",348,0,0.197,0,-0.723
"349",349,0.003,0.2,0,-0.705
"350",350,0,0.2,0,-0.697
"351",351,0,0.2,0,-0.694
"352",352,0,0.2,0,-0.683
"353",353,0,0.2,0,-0.671
"354",354,0,0.201,0,-0.655
"355",355,0.002,0.202,0,-0.647
"356",356,0.006,0.208,0,-0.626
"357",357,0.578,0.786,1,-0.614
"358",358,0.059,0.845,1,-0.598
"359",359,0.011,0.856,1,-0.581
"360",360,0.029,0.884,1,-0.563
"361",361,0.013,0.897,1,-0.549
"362",362,0.001,0.899,1,-0.537
"363",363,0.002,0.9,1,-0.531
"364",364,0.001,0.901,1,-0.52
"365",365,0.008,0.909,1,-0.506
"366",366,0.001,0.91,1,-0.494
"367",367,0,0.911,1,-0.484
"368",368,0.029,0.94,1,-0.47
"369",369,0.003,0.943,1,-0.449
"370",370,0.001,0.944,1,-0.426
"371",371,0.007,0.951,1,-0.408
"372",372,0.001,0.953,1,-0.389
"373",373,0.003,0.956,1,-0.379
"374",374,0.001,0.957,1,-0.375
"375",375,0.001,0.958,1,-0.379
"376",376,0.002,0.96,1,-0.375
"377",377,0.004,0.963,1,-0.355
"378",378,0,0.963,1,-0.331
"379",379,0,0.963,1,-0.305
"380",380,0,0.963,1,-0.282
"381",381,0,0.963,1,-0.261
"382",382,0.001,0.964,1,-0.246
"383",383,0,0.964,1,-0.239
"384",384,0.003,0.967,1,-0.233
"385",385,0.003,0.97,1,-0.226
"386",386,0.029,0.999,1,-0.212
"387",387,0,0.999,1,-0.197
"388",388,0,0.999,1,-0.178
"389",389,0,0.999,1,-0.167
"390",390,0,0.999,1,-0.156
"391",391,0,0.999,1,-0.152
"392",392,0,0.999,1,-0.148
"393",393,0,0.999,1,-0.143
"394",394,0,0.999,1,-0.134
"395",395,0,0.999,1,-0.115
"396",396,0,1,1,-0.096
"397",397,0,1,1,-0.081
"398",398,0,1,1,-0.068
"399",399,0,1,1,-0.057
"400",400,0,1,1,-0.051
"401",401,0,1,1,-0.038
"402",402,0,1,1,-0.03
"403",403,0,1,1,-0.007
"404",404,0,1,1,0.019
"405",405,0,1,1,0.048
"406",406,0,1,1,0.08
"407",407,0,1,1,0.103
"408",408,0,1,1,0.123
"409",409,0,1,1,0.14
"410",410,0,1,1,0.16
"411",411,0,1,1,0.176
"412",412,0,1,1,0.196
"413",413,0,1,1,0.211
"414",414,0,1,1,0.234
"415",415,0,1,1,0.251
"416",416,0,1,1,0.267
"417",417,0,1,1,0.288
"418",418,0,1,1,0.306
"419",419,0,1,1,0.325
"420",420,0,1,1,0.339
"421",421,0,1,1,0.354
"422",422,0,1,1,0.371
"423",423,0,1,1,0.386
"424",424,0,1,1,0.394
"425",425,0,1,1,0.394
"426",426,0,1,1,0.392
"427",427,0,1,1,0.396
"428",428,0,1,1,0.411
"429",429,0,1,1,0.428
"430",430,0,1,1,0.455
"431",431,0,1,1,0.477
"432",432,0,1,1,0.493
"433",433,0,1,1,0.5
"434",434,0,1,1,0.507
"435",435,0,1,1,0.513
"436",436,0,1,1,0.522
"437",437,0,1,1,0.53
"438",438,0,1,1,0.544
"439",439,0,1,1,0.558
"440",440,0,1,1,0.575
"441",441,0,1,1,0.589
"442",442,0,1,1,0.61
"443",443,0,1,1,0.627
"444",444,0,1,1,0.646
"445",445,0,1,1,0.661
"446",446,0,1,1,0.672
"447",447,0,1,1,0.681
"448",448,0,0.999,1,0.689
"449",449,0,0.999,1,0.701
"450",450,0,0.999,1,0.706
"451",451,0,0.999,1,0.711
"452",452,0,0.999,1,0.717
"453",453,0,0.999,1,0.72
"454",454,0,0.999,1,0.728
"455",455,0,0.999,1,0.737
"456",456,0,0.999,1,0.744
"457",457,0,0.999,1,0.744
"458",458,0,0.999,1,0.738
"459",459,0,0.999,1,0.741
"460",460,0,0.999,1,0.747
"461",461,0,0.999,1,0.746
"462",462,0,0.999,1,0.737
"463",463,0,0.999,1,0.736
"464",464,0,0.999,1,0.732
"465",465,0,0.999,1,0.731
"466",466,0,0.999,1,0.732
"467",467,0,0.999,1,0.737
"468",468,0,0.999,1,0.741
"469",469,0,0.999,1,0.742
"470",470,0,0.998,1,0.739
"471",471,0,0.998,1,0.742
"472",472,0,0.998,1,0.741
"473",473,0,0.997,1,0.744
"474",474,0,0.997,1,0.75
"475",475,0,0.997,1,0.75
"476",476,0,0.997,1,0.749
"477",477,0,0.997,1,0.745
"478",478,0,0.854,1,0.739
"479",479,0.067,0.884,1,0.739
"480",480,0.035,0.908,1,0.748
"481",481,0.003,0.91,1,0.764
"482",482,0.002,0.911,1,0.768
"483",483,0.076,0.986,1,0.757
"484",484,0.006,0.992,1,0.75
"485",485,0,0.992,1,0.74
"486",486,0,0.992,1,0.734
"487",487,0,0.992,1,0.718
"488",488,0,0.992,1,0.711
"489",489,0,0.992,1,0.71
"490",490,0,0.992,1,0.711
"491",491,0,0.992,1,0.712
"492",492,0,0.992,1,0.711
"493",493,0,0.992,1,0.712
"494",494,0,0.992,1,0.709
"495",495,0,0.992,1,0.707
"496",496,0,0.989,1,0.699
"497",497,0,0.988,1,0.69
"498",498,0,0.988,1,0.682
"499",499,0,0.988,1,0.674
"500",500,0,0.988,1,0.665
"501",501,0,0.988,1,0.665
"502",502,0,0.986,1,0.663
"503",503,0,0.981,1,0.669
"504",504,0,0.403,0,0.665
"505",505,0,0.344,0,0.667
"506",506,0,0.333,0,0.671
"507",507,0.001,0.305,0,0.676
"508",508,0.027,0.318,0,0.681
"509",509,0.001,0.318,0,0.68
"510",510,0,0.317,0,0.675
"511",511,0.005,0.321,0,0.672
"512",512,0,0.313,0,0.672
"513",513,0,0.312,0,0.665
"514",514,0,0.312,0,0.652
"515",515,0,0.282,0,0.643
"516",516,0,0.279,0,0.641
"517",517,0,0.279,0,0.645
"518",518,0,0.271,0,0.641
"519",519,0.003,0.273,0,0.646
"520",520,0.001,0.27,0,0.653
"521",521,0.274,0.543,1,0.655
"522",522,0.029,0.571,1,0.655
"523",523,0.123,0.692,1,0.66
"524",524,0.113,0.802,1,0.663
"525",525,0.175,0.977,1,0.68
"526",526,0.008,0.985,1,0.692
"527",527,0,0.985,1,0.698
"528",528,0,0.985,1,0.704
"529",529,0.001,0.985,1,0.71
"530",530,0.001,0.986,1,0.717
"531",531,0.003,0.986,1,0.719
"532",532,0.01,0.993,1,0.723
"533",533,0.005,0.969,1,0.729
"534",534,0.022,0.991,1,0.727
"535",535,0,0.991,1,0.73
"536",536,0,0.991,1,0.729
"537",537,0,0.991,1,0.732
"538",538,0.001,0.992,1,0.739
"539",539,0.003,0.995,1,0.743
"540",540,0,0.995,1,0.741
"541",541,0,0.995,1,0.735
"542",542,0,0.995,1,0.737
"543",543,0,0.995,1,0.735
"544",544,0,0.995,1,0.731
"545",545,0,0.995,1,0.727
"546",546,0,0.995,1,0.723
"547",547,0,0.995,1,0.719
"548",548,0,0.995,1,0.716
"549",549,0,0.995,1,0.714
"550",550,0.005,0.999,1,0.705
"551",551,0,1,1,0.703
"552",552,0,1,1,0.702
"553",553,0,1,1,0.705
"554",554,0,1,1,0.716
"555",555,0,1,1,0.725
"556",556,0,1,1,0.734
"557",557,0,1,1,0.745
"558",558,0,1,1,0.744
"559",559,0,1,1,0.743
"560",560,0,1,1,0.73
"561",561,0,1,1,0.716
"562",562,0,1,1,0.71
"563",563,0,1,1,0.709
"564",564,0,1,1,0.711
"565",565,0,1,1,0.718
"566",566,0,1,1,0.719
"567",567,0,1,1,0.734
"568",568,0,1,1,0.748
"569",569,0,1,1,0.766
"570",570,0,1,1,0.78
"571",571,0,1,1,0.794
"572",572,0,1,1,0.804
"573",573,0,1,1,0.811
"574",574,0,1,1,0.813
"575",575,0,1,1,0.811
"576",576,0,1,1,0.814
"577",577,0,1,1,0.818
"578",578,0,1,1,0.822
"579",579,0,1,1,0.824
"580",580,0,1,1,0.815
"581",581,0,1,1,0.804
"582",582,0,1,1,0.796
"583",583,0,1,1,0.799
"584",584,0,1,1,0.801
"585",585,0,1,1,0.806
"586",586,0,1,1,0.813
"587",587,0,1,1,0.819
"588",588,0,1,1,0.824
"589",589,0,1,1,0.832
"590",590,0,1,1,0.832
"591",591,0,1,1,0.828
"592",592,0,1,1,0.828
"593",593,0,1,1,0.832
"594",594,0,1,1,0.838
"595",595,0,1,1,0.852
"596",596,0,1,1,0.874
"597",597,0,1,1,0.888
"598",598,0,1,1,0.902
"599",599,0,1,1,0.903
"600",600,0,1,1,0.903
"601",601,0,1,1,0.911
"602",602,0,1,1,0.922
"603",603,0,1,1,0.935
"604",604,0,1,1,0.946
"605",605,0,1,1,0.956
"606",606,0,1,1,0.965
"607",607,0,1,1,0.967
"608",608,0,1,1,0.962
"609",609,0,1,1,0.953
"610",610,0,1,1,0.949
"611",611,0,1,1,0.95
"612",612,0,1,1,0.948
"613",613,0,1,1,0.959
"614",614,0,1,1,0.974
"615",615,0,1,1,0.993
"616",616,0,1,1,1.013
"617",617,0,1,1,1.021
"618",618,0,1,1,1.027
"619",619,0,1,1,1.029
"620",620,0,1,1,1.025
"621",621,0,1,1,1.023
"622",622,0,1,1,1.014
"623",623,0,1,1,1.007
"624",624,0,1,1,0.999
"625",625,0,1,1,0.991
"626",626,0,0.933,1,0.981
"627",627,0,0.897,1,0.979
"628",628,0,0.895,1,0.982
"629",629,0,0.893,1,0.987
"630",630,0,0.818,1,0.985
"631",631,0.001,0.813,1,0.979
"632",632,0,0.813,1,0.971
"633",633,0,0.813,1,0.972
"634",634,0,0.813,1,0.975
"635",635,0,0.813,1,0.978
"636",636,0.001,0.814,1,0.98
"637",637,0.073,0.886,1,0.983
"638",638,0.102,0.988,1,0.978
"639",639,0.001,0.989,1,0.978
"640",640,0.007,0.997,1,0.974
"641",641,0,0.997,1,0.972
"642",642,0,0.997,1,0.97
"643",643,0,0.997,1,0.969
"644",644,0,0.997,1,0.973
"645",645,0,0.997,1,0.982
"646",646,0,0.997,1,0.993
"647",647,0,0.997,1,0.993
"648",648,0,0.997,1,0.991
"649",649,0,0.997,1,0.987
"650",650,0,0.997,1,0.977
"651",651,0,0.997,1,0.957
"652",652,0,0.997,1,0.941
"653",653,0,0.997,1,0.929
"654",654,0,0.997,1,0.931
"655",655,0,0.97,1,0.939
"656",656,0,0.969,1,0.939
"657",657,0,0.969,1,0.935
"658",658,0,0.964,1,0.926
"659",659,0,0.964,1,0.917
"660",660,0,0.964,1,0.913
"661",661,0,0.964,1,0.903
"662",662,0,0.964,1,0.9
"663",663,0,0.964,1,0.902
"664",664,0,0.964,1,0.901
"665",665,0,0.964,1,0.9
"666",666,0,0.961,1,0.891
"667",667,0,0.96,1,0.886
"668",668,0,0.686,0,0.875
"669",669,0,0.657,0,0.858
"670",670,0,0.534,0,0.835
"671",671,0,0.421,0,0.814
"672",672,0,0.246,0,0.811
"673",673,0,0.238,0,0.809
"674",674,0,0.238,0,0.805
"675",675,0,0.238,0,0.804
"676",676,0,0.238,0,0.807
"677",677,0.008,0.245,0,0.807
"678",678,0.016,0.258,0,0.8
"679",679,0.017,0.265,0,0.791
"680",680,0.03,0.29,0,0.779
"681",681,0.066,0.334,0,0.769
"682",682,0.664,0.998,1,0.773
"683",683,0,0.999,1,0.785
"684",684,0,0.998,1,0.794
"685",685,0,0.997,1,0.801
"686",686,0.001,0.996,1,0.813
"687",687,0,0.996,1,0.818
"688",688,0.001,0.996,1,0.817
"689",689,0.001,0.997,1,0.809
"690",690,0.001,0.998,1,0.806
"691",691,0,0.998,1,0.808
"692",692,0,0.998,1,0.807
"693",693,0,0.998,1,0.809
"694",694,0.002,1,1,0.805
"695",695,0,1,1,0.804
"696",696,0,1,1,0.798
"697",697,0,0.995,1,0.78
"698",698,0.003,0.997,1,0.771
"699",699,0.001,0.999,1,0.759
"700",700,0.001,0.999,1,0.748
"701",701,0,0.999,1,0.74
"702",702,0,0.999,1,0.735
"703",703,0,1,1,0.728
"704",704,0,1,1,0.718
"705",705,0,1,1,0.715
"706",706,0,1,1,0.719
"707",707,0,1,1,0.724
"708",708,0,1,1,0.726
"709",709,0,1,1,0.724
"710",710,0,1,1,0.717
"711",711,0,1,1,0.708
"712",712,0,1,1,0.7
"713",713,0,1,1,0.695
"714",714,0,1,1,0.694
"715",715,0,0.999,1,0.687
"716",716,0,0.999,1,0.689
"717",717,0,0.999,1,0.686
"718",718,0,0.999,1,0.683
"719",719,0,0.999,1,0.681
"720",720,0,0.999,1,0.681
"721",721,0,1,1,0.68
"722",722,0,1,1,0.675
"723",723,0,1,1,0.677
"724",724,0,1,1,0.684
"725",725,0,1,1,0.698
"726",726,0,1,1,0.716
"727",727,0,1,1,0.725
"728",728,0,1,1,0.731
"729",729,0,1,1,0.731
"730",730,0,1,1,0.726
"731",731,0,1,1,0.722
"732",732,0,1,1,0.719
"733",733,0,1,1,0.724
"734",734,0,1,1,0.731
"735",735,0,1,1,0.738
"736",736,0,1,1,0.746
"737",737,0,1,1,0.732
"738",738,0,1,1,0.712
"739",739,0,1,1,0.695
"740",740,0,1,1,0.689
"741",741,0,1,1,0.678
"742",742,0,1,1,0.674
"743",743,0,1,1,0.669
"744",744,0,1,1,0.671
"745",745,0,1,1,0.671
"746",746,0,1,1,0.668
"747",747,0,1,1,0.667
"748",748,0,1,1,0.655
"749",749,0,1,1,0.646
"750",750,0,1,1,0.637
"751",751,0,1,1,0.636
"752",752,0,1,1,0.648
"753",753,0,1,1,0.647
"754",754,0,1,1,0.646
"755",755,0,1,1,0.646
"756",756,0,1,1,0.645
"757",757,0,1,1,0.64
"758",758,0,1,1,0.636
"759",759,0,1,1,0.639
"760",760,0,1,1,0.633
"761",761,0,1,1,0.627
"762",762,0,1,1,0.616
"763",763,0,1,1,0.607
"764",764,0,1,1,0.602
"765",765,0,1,1,0.591
"766",766,0,1,1,0.583
"767",767,0,1,1,0.587
"768",768,0,1,1,0.589
"769",769,0,1,1,0.587
"770",770,0,1,1,0.587
"771",771,0,1,1,0.584
"772",772,0,1,1,0.581
"773",773,0,1,1,0.574
"774",774,0,1,1,0.562
"775",775,0,1,1,0.55
"776",776,0,1,1,0.544
"777",777,0,1,1,0.538
"778",778,0,0.999,1,0.523
"779",779,0,0.999,1,0.508
"780",780,0,1,1,0.495
"781",781,0,1,1,0.478
"782",782,0,1,1,0.459
"783",783,0,0.999,1,0.435
"784",784,0,0.926,1,0.425
"785",785,0.001,0.826,1,0.418
"786",786,0.001,0.826,1,0.406
"787",787,0.007,0.826,1,0.396
"788",788,0.003,0.829,1,0.391
"789",789,0.002,0.83,1,0.387
"790",790,0.009,0.839,1,0.384
"791",791,0.003,0.843,1,0.381
"792",792,0.001,0.844,1,0.386
"793",793,0.001,0.845,1,0.384
"794",794,0,0.845,1,0.379
"795",795,0,0.845,1,0.37
"796",796,0,0.845,1,0.37
"797",797,0.001,0.846,1,0.371
"798",798,0,0.846,1,0.369
"799",799,0,0.846,1,0.36
"800",800,0,0.846,1,0.35
"801",801,0,0.846,1,0.346
"802",802,0,0.846,1,0.348
"803",803,0,0.846,1,0.353
"804",804,0,0.846,1,0.357
"805",805,0,0.846,1,0.359
"806",806,0,0.847,1,0.364
"807",807,0.009,0.856,1,0.37
"808",808,0.009,0.865,1,0.379
"809",809,0,0.865,1,0.387
"810",810,0,0.865,1,0.388
"811",811,0.002,0.868,1,0.391
"812",812,0,0.868,1,0.401
"813",813,0.001,0.869,1,0.408
"814",814,0.004,0.873,1,0.408
"815",815,0.034,0.906,1,0.408
"816",816,0.013,0.919,1,0.411
"817",817,0,0.919,1,0.414
"818",818,0,0.919,1,0.427
"819",819,0,0.919,1,0.433
"820",820,0,0.919,1,0.444
"821",821,0,0.919,1,0.454
"822",822,0,0.919,1,0.457
"823",823,0,0.919,1,0.462
"824",824,0,0.91,1,0.469
"825",825,0,0.894,1,0.48
"826",826,0,0.877,1,0.49
"827",827,0,0.847,1,0.5
"828",828,0,0.781,1,0.511
"829",829,0,0.117,0,0.524
"830",830,0,0.117,0,0.53
"831",831,0.001,0.118,0,0.537
"832",832,0.055,0.173,0,0.543
"833",833,0.447,0.62,1,0.55
"834",834,0.053,0.672,1,0.557
"835",835,0,0.672,1,0.562
"836",836,0,0.671,1,0.571
"837",837,0.001,0.671,1,0.58
"838",838,0.017,0.688,1,0.593
"839",839,0.002,0.69,1,0.598
"840",840,0,0.69,1,0.603
"841",841,0.012,0.7,1,0.605
"842",842,0.287,0.987,1,0.602
"843",843,0.009,0.996,1,0.606
"844",844,0,0.996,1,0.603
"845",845,0,0.993,1,0.597
"846",846,0,0.992,1,0.592
"847",847,0,0.991,1,0.585
"848",848,0,0.991,1,0.585
"849",849,0,0.991,1,0.584
"850",850,0,0.991,1,0.583
"851",851,0,0.991,1,0.574
"852",852,0,0.992,1,0.567
"853",853,0,0.992,1,0.57
"854",854,0,0.992,1,0.576
"855",855,0,0.992,1,0.578
"856",856,0,0.992,1,0.577
"857",857,0,0.992,1,0.578
"858",858,0,0.992,1,0.577
"859",859,0,0.992,1,0.574
"860",860,0,0.992,1,0.575
"861",861,0,0.993,1,0.577
"862",862,0.001,0.993,1,0.575
"863",863,0.001,0.995,1,0.567
"864",864,0,0.995,1,0.56
"865",865,0,0.995,1,0.555
"866",866,0,0.995,1,0.546
"867",867,0,0.995,1,0.536
"868",868,0,0.994,1,0.526
"869",869,0,0.994,1,0.52
"870",870,0,0.994,1,0.519
"871",871,0.001,0.995,1,0.514
"872",872,0,0.995,1,0.509
"873",873,0.003,0.998,1,0.497
"874",874,0.002,0.999,1,0.492
"875",875,0,1,1,0.479
"876",876,0,1,1,0.473
"877",877,0,1,1,0.468
"878",878,0,1,1,0.468
"879",879,0,1,1,0.473
"880",880,0,1,1,0.47
"881",881,0,1,1,0.457
"882",882,0,1,1,0.442
"883",883,0,1,1,0.435
"884",884,0,1,1,0.434
"885",885,0,1,1,0.435
"886",886,0,1,1,0.427
"887",887,0,1,1,0.429
"888",888,0,1,1,0.433
"889",889,0,1,1,0.434
"890",890,0,1,1,0.432
"891",891,0,1,1,0.424
"892",892,0,1,1,0.412
"893",893,0,1,1,0.402
"894",894,0,1,1,0.396
"895",895,0,1,1,0.39
"896",896,0,1,1,0.388
"897",897,0,1,1,0.388
"898",898,0,1,1,0.384
"899",899,0,1,1,0.384
"900",900,0,1,1,0.387
"901",901,0,1,1,0.388
"902",902,0,1,1,0.392
"903",903,0,1,1,0.39
"904",904,0,1,1,0.396
"905",905,0,1,1,0.394
"906",906,0,1,1,0.398
"907",907,0,1,1,0.399
"908",908,0,1,1,0.394
"909",909,0,1,1,0.39
"910",910,0,1,1,0.388
"911",911,0,1,1,0.387
"912",912,0,1,1,0.381
"913",913,0,1,1,0.374
"914",914,0,1,1,0.364
"915",915,0,1,1,0.353
"916",916,0,1,1,0.34
"917",917,0,1,1,0.335
"918",918,0,1,1,0.336
"919",919,0,1,1,0.341
"920",920,0,1,1,0.347
"921",921,0,1,1,0.351
"922",922,0,1,1,0.35
"923",923,0,1,1,0.353
"924",924,0,1,1,0.356
"925",925,0,1,1,0.355
"926",926,0,0.999,1,0.355
"927",927,0,0.999,1,0.359
"928",928,0,0.999,1,0.356
"929",929,0,0.999,1,0.359
"930",930,0,0.999,1,0.362
"931",931,0,0.999,1,0.359
"932",932,0,0.998,1,0.351
"933",933,0,0.997,1,0.333
"934",934,0,0.989,1,0.325
"935",935,0,0.986,1,0.319
"936",936,0,0.985,1,0.325
"937",937,0,0.976,1,0.326
"938",938,0,0.972,1,0.324
"939",939,0,0.971,1,0.321
"940",940,0.013,0.983,1,0.319
"941",941,0.009,0.992,1,0.318
"942",942,0,0.992,1,0.307
"943",943,0,0.992,1,0.294
"944",944,0,0.991,1,0.289
"945",945,0,0.991,1,0.288
"946",946,0,0.991,1,0.293
"947",947,0,0.991,1,0.297
"948",948,0,0.991,1,0.304
"949",949,0,0.991,1,0.31
"950",950,0,0.991,1,0.317
"951",951,0,0.991,1,0.323
"952",952,0,0.991,1,0.324
"953",953,0,0.991,1,0.318
"954",954,0,0.981,1,0.314
"955",955,0,0.972,1,0.311
"956",956,0,0.972,1,0.316
"957",957,0,0.971,1,0.317
"958",958,0,0.969,1,0.321
"959",959,0,0.969,1,0.322
"960",960,0,0.968,1,0.319
"961",961,0,0.964,1,0.317
"962",962,0,0.931,1,0.313
"963",963,0,0.918,1,0.307
"964",964,0,0.918,1,0.295
"965",965,0,0.918,1,0.291
"966",966,0,0.918,1,0.289
"967",967,0.008,0.926,1,0.292
"968",968,0.006,0.932,1,0.297
"969",969,0.003,0.936,1,0.3
"970",970,0.003,0.938,1,0.299
"971",971,0,0.939,1,0.3
"972",972,0,0.939,1,0.293
"973",973,0,0.939,1,0.288
"974",974,0,0.939,1,0.282
"975",975,0,0.939,1,0.275
"976",976,0,0.939,1,0.279
"977",977,0,0.939,1,0.286
"978",978,0,0.938,1,0.297
"979",979,0,0.883,1,0.3
"980",980,0.016,0.452,0,0.301
"981",981,0.002,0.401,0,0.298
"982",982,0.009,0.41,0,0.292
"983",983,0.001,0.411,0,0.291
"984",984,0,0.41,0,0.284
"985",985,0,0.393,0,0.286
"986",986,0,0.391,0,0.295
"987",987,0,0.392,0,0.308
"988",988,0.001,0.381,0,0.317
"989",989,0.17,0.264,0,0.306
"990",990,0.459,0.713,1,0.297
"991",991,0.085,0.799,1,0.288
"992",992,0.09,0.889,1,0.288
"993",993,0.009,0.898,1,0.288
"994",994,0.001,0.898,1,0.282
"995",995,0,0.899,1,0.279
"996",996,0.002,0.9,1,0.278
"997",997,0.003,0.903,1,0.277
"998",998,0.001,0.904,1,0.275
"999",999,0.007,0.911,1,0.262
"1000",1000,0.003,0.914,1,0.248
"1001",1001,0.006,0.919,1,0.23
"1002",1002,0,0.919,1,0.228
"1003",1003,0,0.919,1,0.217
"1004",1004,0,0.919,1,0.212
"1005",1005,0.001,0.92,1,0.199
"1006",1006,0.005,0.925,1,0.187
"1007",1007,0.03,0.954,1,0.181
"1008",1008,0.009,0.963,1,0.182
"1009",1009,0,0.963,1,0.183
"1010",1010,0,0.962,1,0.182
"1011",1011,0,0.962,1,0.177
"1012",1012,0,0.962,1,0.171
"1013",1013,0,0.962,1,0.173
"1014",1014,0,0.962,1,0.173
"1015",1015,0.001,0.963,1,0.179
"1016",1016,0.001,0.963,1,0.182
"1017",1017,0,0.963,1,0.183
"1018",1018,0,0.963,1,0.185
"1019",1019,0,0.963,1,0.184
"1020",1020,0,0.96,1,0.185
"1021",1021,0,0.958,1,0.184
"1022",1022,0.005,0.963,1,0.173
"1023",1023,0.001,0.964,1,0.166
"1024",1024,0,0.964,1,0.168
"1025",1025,0,0.964,1,0.171
"1026",1026,0,0.964,1,0.177
"1027",1027,0,0.964,1,0.18
"1028",1028,0,0.965,1,0.182
"1029",1029,0,0.965,1,0.178
"1030",1030,0,0.965,1,0.171
"1031",1031,0.001,0.966,1,0.152
"1032",1032,0.008,0.974,1,0.136
"1033",1033,0.014,0.987,1,0.122
"1034",1034,0.011,0.999,1,0.118
"1035",1035,0.001,1,1,0.125
"1036",1036,0,1,1,0.135
"1037",1037,0,1,1,0.145
"1038",1038,0,1,1,0.152
"1039",1039,0,1,1,0.152
"1040",1040,0,1,1,0.147
"1041",1041,0,1,1,0.134
"1042",1042,0,1,1,0.124
"1043",1043,0,1,1,0.12
"1044",1044,0,1,1,0.12
"1045",1045,0,1,1,0.125
"1046",1046,0,1,1,0.127
"1047",1047,0,1,1,0.13
"1048",1048,0,1,1,0.124
"1049",1049,0,1,1,0.118
"1050",1050,0,1,1,0.114
"1051",1051,0,1,1,0.114
"1052",1052,0,1,1,0.119
"1053",1053,0,1,1,0.126
"1054",1054,0,1,1,0.138
"1055",1055,0,1,1,0.146
"1056",1056,0,1,1,0.151
"1057",1057,0,1,1,0.145
"1058",1058,0,1,1,0.143
"1059",1059,0,1,1,0.13
"1060",1060,0,1,1,0.13
"1061",1061,0,1,1,0.138
"1062",1062,0,1,1,0.139
"1063",1063,0,1,1,0.135
"1064",1064,0,1,1,0.128
"1065",1065,0,1,1,0.119
"1066",1066,0,1,1,0.112
"1067",1067,0,1,1,0.107
"1068",1068,0,1,1,0.099
"1069",1069,0,1,1,0.091
"1070",1070,0,1,1,0.085
"1071",1071,0,1,1,0.074
"1072",1072,0,1,1,0.062
"1073",1073,0,1,1,0.054
"1074",1074,0,1,1,0.057
"1075",1075,0,1,1,0.054
"1076",1076,0,1,1,0.047
"1077",1077,0,0.999,1,0.051
"1078",1078,0,0.999,1,0.054
"1079",1079,0,0.999,1,0.054
"1080",1080,0,0.999,1,0.055
"1081",1081,0,0.999,1,0.047
"1082",1082,0,0.999,1,0.039
"1083",1083,0,0.999,1,0.026
"1084",1084,0,0.999,1,0.016
"1085",1085,0,0.999,1,0.013
"1086",1086,0,0.999,1,0.011
"1087",1087,0,0.986,1,0.003
"1088",1088,0,0.977,1,-0.004
"1089",1089,0,0.977,1,-0.013
"1090",1090,0,0.977,1,-0.028
"1091",1091,0,0.977,1,-0.052
"1092",1092,0,0.977,1,-0.082
"1093",1093,0,0.977,1,-0.11
"1094",1094,0,0.977,1,-0.137
"1095",1095,0,0.977,1,-0.158
"1096",1096,0,0.977,1,-0.171
"1097",1097,0,0.977,1,-0.186
"1098",1098,0,0.977,1,-0.205
"1099",1099,0,0.977,1,-0.22
"1100",1100,0,0.977,1,-0.243
"1101",1101,0,0.977,1,-0.26
"1102",1102,0,0.977,1,-0.285
"1103",1103,0,0.977,1,-0.312
"1104",1104,0,0.977,1,-0.331
"1105",1105,0,0.977,1,-0.345
"1106",1106,0,0.977,1,-0.358
"1107",1107,0,0.977,1,-0.377
"1108",1108,0,0.977,1,-0.402
"1109",1109,0,0.977,1,-0.426
"1110",1110,0,0.976,1,-0.451
"1111",1111,0,0.976,1,-0.474
"1112",1112,0,0.976,1,-0.486
"1113",1113,0,0.976,1,-0.495
"1114",1114,0,0.968,1,-0.505
"1115",1115,0,0.962,1,-0.525
"1116",1116,0,0.959,1,-0.55
"1117",1117,0,0.956,1,-0.582
"1118",1118,0,0.956,1,-0.614
"1119",1119,0,0.955,1,-0.64
"1120",1120,0,0.955,1,-0.655
"1121",1121,0,0.955,1,-0.673
"1122",1122,0,0.955,1,-0.693
"1123",1123,0,0.955,1,-0.724
"1124",1124,0,0.955,1,-0.751
"1125",1125,0,0.955,1,-0.773
"1126",1126,0,0.954,1,-0.794
"1127",1127,0,0.938,1,-0.816
"1128",1128,0,0.936,1,-0.843
"1129",1129,0,0.927,1,-0.881
"1130",1130,0,0.926,1,-0.915
"1131",1131,0,0.926,1,-0.949
"1132",1132,0,0.926,1,-0.983
"1133",1133,0,0.926,1,-1.021
"1134",1134,0,0.926,1,-1.064
"1135",1135,0,0.925,1,-1.1
"1136",1136,0,0.754,1,-1.133
"1137",1137,0,0.296,0,-1.16
"1138",1138,0,0.21,0,-1.183
"1139",1139,0,0.12,0,-1.209
"1140",1140,0,0.111,0,-1.232
"1141",1141,0,0.111,0,-1.259
"1142",1142,0,0.111,0,-1.277
"1143",1143,0,0.109,0,-1.299
"1144",1144,0,0.106,0,-1.33
"1145",1145,0,0.105,0,-1.362
"1146",1146,0,0.098,0,-1.391
"1147",1147,0,0.095,0,-1.409
"1148",1148,0,0.089,0,-1.43
"1149",1149,0,0.089,0,-1.449
"1150",1150,0,0.089,0,-1.479
"1151",1151,0,0.089,0,-1.508
"1152",1152,0,0.089,0,-1.538
"1153",1153,0,0.083,0,-1.564
"1154",1154,0,0.054,0,-1.591
"1155",1155,0,0.044,0,-1.621
"1156",1156,0,0.044,0,-1.66
"1157",1157,0,0.044,0,-1.699
"1158",1158,0,0.044,0,-1.728
"1159",1159,0,0.044,0,-1.766
"1160",1160,0,0.044,0,-1.805
"1161",1161,0,0.044,0,-1.847
"1162",1162,0,0.043,0,-1.892
"1163",1163,0,0.042,0,-1.929
"1164",1164,0,0.042,0,-1.963
"1165",1165,0,0.042,0,-1.994
"1166",1166,0,0.042,0,-2.018
"1167",1167,0,0.042,0,-2.055
"1168",1168,0,0.042,0,-2.099
"1169",1169,0,0.037,0,-2.136
"1170",1170,0,0.036,0,-2.165
"1171",1171,0,0.036,0,-2.191
"1172",1172,0,0.036,0,-2.204
"1173",1173,0,0.036,0,-2.219
"1174",1174,0,0.036,0,-2.239
"1175",1175,0,0.035,0,-2.271
"1176",1176,0,0.035,0,-2.303
"1177",1177,0,0.035,0,-2.33
"1178",1178,0,0.034,0,-2.349
"1179",1179,0,0.026,0,-2.373
"1180",1180,0,0.012,0,-2.398
"1181",1181,0,0.001,0,-2.423
"1182",1182,0,0,0,-2.444
"1183",1183,0,0,0,-2.464
"1184",1184,0,0,0,-2.479
"1185",1185,0,0,0,-2.491
"1186",1186,0,0,0,-2.504
"1187",1187,0,0,0,-2.521
"1188",1188,0,0,0,-2.541
"1189",1189,0,0,0,-2.556
"1190",1190,0,0,0,-2.572
"1191",1191,0,0,0,-2.583
"1192",1192,0,0,0,-2.595
"1193",1193,0,0,0,-2.61
"1194",1194,0,0,0,-2.635
"1195",1195,0,0,0,-2.663
"1196",1196,0,0,0,-2.682
"1197",1197,0,0,0,-2.706
"1198",1198,0,0,0,-2.726
"1199",1199,0,0,0,-2.745
"1200",1200,0,0,0,-2.766
"1201",1201,0,0,0,-2.778
"1202",1202,0,0,0,-2.792
"1203",1203,0,0,0,-2.8
"1204",1204,0,0,0,-2.801
"1205",1205,0,0,0,-2.795
"1206",1206,0,0,0,-2.795
"1207",1207,0,0,0,-2.8
"1208",1208,0,0,0,-2.803
"1209",1209,0,0,0,-2.808
"1210",1210,0,0,0,-2.806
"1211",1211,0,0,0,-2.802
"1212",1212,0,0,0,-2.789
"1213",1213,0,0,0,-2.779
"1214",1214,0,0,0,-2.768
"1215",1215,0,0,0,-2.763
"1216",1216,0,0,0,-2.757
"1217",1217,0,0,0,-2.749
"1218",1218,0,0,0,-2.743
"1219",1219,0,0,0,-2.741
"1220",1220,0,0,0,-2.74
"1221",1221,0,0,0,-2.748
"1222",1222,0,0,0,-2.743
"1223",1223,0,0,0,-2.733
"1224",1224,0,0,0,-2.725
"1225",1225,0,0,0,-2.723
"1226",1226,0,0,0,-2.723
"1227",1227,0,0,0,-2.726
"1228",1228,0,0,0,-2.728
"1229",1229,0,0,0,-2.727
"1230",1230,0,0,0,-2.724
"1231",1231,0,0,0,-2.719
"1232",1232,0,0,0,-2.718
"1233",1233,0,0,0,-2.721
"1234",1234,0,0,0,-2.722
"1235",1235,0,0,0,-2.725
"1236",1236,0,0,0,-2.727
"1237",1237,0,0,0,-2.727
"1238",1238,0,0,0,-2.725
"1239",1239,0,0,0,-2.724
"1240",1240,0,0,0,-2.726
"1241",1241,0,0,0,-2.731
"1242",1242,0,0,0,-2.733
"1243",1243,0,0,0,-2.726
"1244",1244,0,0,0,-2.725
"1245",1245,0,0,0,-2.73
"1246",1246,0,0,0,-2.745
"1247",1247,0,0,0,-2.757
"1248",1248,0,0,0,-2.767
"1249",1249,0,0,0,-2.754
"1250",1250,0,0,0,-2.74
"1251",1251,0,0,0,NA
"1252",1252,0,0,0,NA
"1253",1253,0,0,0,NA
"1254",1254,0,0,0,NA
"1255",1255,0,0,0,NA
"1256",1256,0,0,0,NA
"1257",1257,0,0,0,NA
"1258",1258,0,0,0,NA
"1259",1259,0,0,0,NA
"1260",1260,0,0,0,NA
"1261",1261,0,0,0,NA
"1262",1262,0,0,0,NA
"1263",1263,0,0,0,NA
"1264",1264,0,0,0,NA
"1265",1265,0,0,0,NA
"1266",1266,0,0,0,NA
"1267",1267,0,0,0,NA
"1268",1268,0,0,0,NA
"1269",1269,0,0,0,NA
"1270",1270,0,0,0,NA
"1271",1271,0,0,0,NA
"1272",1272,0,0,0,NA
"1273",1273,0,0,0,NA
"1274",1274,0,0,0,NA
"1275",1275,0,0,0,NA
"1276",1276,0,0,0,NA
"1277",1277,0,0,0,NA
"1278",1278,0,0,0,NA
"1279",1279,0,0,0,NA
"1280",1280,0,0,0,NA
"1281",1281,0,0,0,NA
"1282",1282,0,0,0,NA
"1283",1283,0,0,0,NA
"1284",1284,0,0,0,NA
"1285",1285,0,0,0,NA
"1286",1286,0,0,0,NA
"1287",1287,0,0,0,NA
"1288",1288,0,0,0,NA
"1289",1289,0,0,0,NA
"1290",1290,0,0,0,NA
"1291",1291,0,0,0,NA
"1292",1292,0,0,0,NA
"1293",1293,0,0,0,NA
"1294",1294,0,0,0,NA
"1295",1295,0,0,0,NA
"1296",1296,0,0,0,NA
"1297",1297,0,0,0,NA
"1298",1298,0,0,0,NA
"1299",1299,0,0,0,NA
"1300",1300,0,0,0,NA
"1301",1301,0,0,0,NA
"1302",1302,0,0,0,NA
"1303",1303,0,0,0,NA
"1304",1304,0,0,0,NA
"1305",1305,0,0,0,NA
"1306",1306,0,0,0,NA
"1307",1307,0,0,0,NA
"1308",1308,0,0,0,NA
"1309",1309,0,0,0,NA
"1310",1310,0,0,0,NA
"1311",1311,0,0,0,NA
"1312",1312,0,0,0,NA
"1313",1313,0,0,0,NA
"1314",1314,0,0,0,NA
"1315",1315,0,0,0,NA
"1316",1316,0,0,0,NA
"1317",1317,0,0,0,NA
"1318",1318,0,0,0,NA
"1319",1319,0,0,0,NA
"1320",1320,0,0,0,NA
"1321",1321,0,0,0,NA
"1322",1322,0,0,0,NA
"1323",1323,0,0,0,NA
