,y_train,y_pred_train
swc5_tdh3,0.3609461963554123,0.3938077925469523
med7_spp1,0.412456241777232,0.4028635541978334
med4_gcn5,0.8020990068658127,0.40533323513046887
hhf2_med7,0.2672399093681132,0.40224366067533424
arp6_gcn5,0.5219069174692109,0.3828033657789055
htl1_hos1,0.4059340014085484,0.4259428447199505
arp6_sfh1,0.4720163933160627,0.39834586483581985
med7_tdh3,0.3598147439686124,0.3857879581280564
empty_nhp10,0.2324773827862264,0.4187988356935739
gcn5_med7,0.4128901979658795,0.40905253105300965
eaf5_vp16,0.750023942733831,0.3988314469262303
spp1_htl1,0.3102412321640166,0.41590183644667866
cac2_eaf5,0.4958899818806322,0.3889463358105279
gcn5_dpd4,0.3047239189584333,0.4126107109682483
eaf5_mig1,0.4625441143496767,0.39301244124018375
ada2_esa1,0.6853900756412702,0.41101263825810813
hos1_gapdh,0.2813439157814125,0.3877916098279487
swc5_rpd3,0.2549831600218349,0.40412337684974525
vp16_tdh3,0.8479970740075398,0.36928916250377347
hat1_sfh1,0.3385929332934267,0.4055568241009877
gapdh_rpd3,0.2088762596449504,0.36793192813197695
rpd3_hat1,0.4699777602319162,0.384330416115107
rpd3_cdc36,0.6284062201747913,0.36859347042371715
snf11_spp1,0.7278481589985819,0.4227462570788325
empty_DAM,0.1973327976452581,0.38767736777798945
med4_empty,0.7830563701254825,0.41022030210732935
nut2_med7,0.7014009725370844,0.41609422533770674
rtt102_hos1,0.448891803258948,0.3980911588066453
srb7_swc5,0.3832120964476209,0.4140448741713244
empty_hst2,0.2105887354189753,0.39258531182777207
ies5_ldb7,0.4457988496453621,0.41170793081016294
nhp10_pyk1,0.2893704705676491,0.39693918074134654
swc5_spp1,0.2633261135024972,0.41886720926419735
srb7_cac2,0.3836516235267228,0.3838054859582943
snf11_med4,0.7593916959052346,0.428442534674457
gcn5_pyk2,0.3431279497941418,0.39963804306020184
nut2_hmt2,0.54922940229508,0.39562010229005584
rtt102_rpd3,0.4811237487120889,0.3817036844823118
med4_mig1,0.6930375464311926,0.3822598321041777
sus1_btt1,0.6909986729730033,0.4046669660539791
snf11_mig1,0.4436362955322381,0.3849572674092028
pyk1_empty,0.2238728157706629,0.3596788261703713
hat2_pyk2,0.3706524283149275,0.3982536085352024
nhp6a_gcn5,0.2818997739962521,0.4139935789164993
lge1_med7,0.5934937333729853,0.3761341638701283
cac2_ldb7,0.3803956683592725,0.39585901673395174
med7_gcn5,0.4754282911922562,0.40699900080407364
eaf3_tdh3,0.2358663883648968,0.37230249987113356
htl1_esa1,0.4407919981499406,0.4227546561102846
spp1_hhf2,0.2237391256751293,0.3892462414516731
mig1_pyk2,0.2302915358823731,0.39777121643418106
swc5_sfh1,0.3181959465126598,0.4286585846291095
cac2_pyk1,0.2219046846690096,0.35947244543464946
nhp10_ies5,0.2500614989729787,0.41239770800366654
hda1_lge1,0.218445958752069,0.38230115172921353
nhp10_gcn5,0.2829599978967052,0.42205357445362973
rpd3_gcn5,0.6069304877967244,0.40072653634516264
hmt2_DAM,0.1950965249516384,0.3954217120414466
hat1_tdh3,0.232755456487186,0.39195275265736645
hat1_hos2,0.2198622403239813,0.4161550384927921
med7_pyk2,0.3575870958638822,0.3849993704564194
hos2_mig1,0.3474169546412766,0.3830363403393711
nhp10_nhp6a,0.2518191686055524,0.4033928644369394
hst2_swc5,0.2588762157184371,0.39896342543680485
hmt2_ies5,0.2177610536097449,0.40648545669605957
hst2_dpd4,0.2080352306671413,0.3830766441736439
eaf5_pyk2,0.5357235165315939,0.39515273895245157
ada2_eaf3,0.6590605591965099,0.41472033521781404
esa1_DAM,0.4657649946835686,0.4045878278942535
eaf5_gcn5,0.5457303878912124,0.4197102736868626
pyk1_arp9,0.2457400937324155,0.38486768024067575
cac2_ada2,0.4001224518383043,0.3843598797800036
med7_eaf5,0.5466325407659791,0.41240442643737724
DAM_hat2,0.2253620128871084,0.3958617187775536
swd3_empty,0.5492874015979219,0.3558905820286927
lge1_DAM,0.3795655849851524,0.4042248776664369
srb7_mig1,0.1783074088256321,0.37000716227993463
ies5_vp16,0.6712030939478791,0.5482766497596872
eaf3_snf11,0.651319815159433,0.4134986636686556
hmt2_med4,0.2314925908973992,0.4051253959198379
vp16_hmt2,0.8328310741057869,0.39430815623292764
btt1_hos1,0.315681416401903,0.4015508227669986
arp6_pyk1,0.2929407372361106,0.35844589288643686
mig1_swd3,0.1714542146426063,0.38309565000001483
nhp10_hhf2,0.2675978941851887,0.4183813537934085
empty_mig1,0.178102876259777,0.3702617765905104
DAM_med4,0.5255185899057384,0.39495155101680735
tdh3_hmt2,0.2074551332247277,0.3617915500468783
hmt2_mig1,0.2042206527193804,0.392537933686395
ies5_btt1,0.4339683236654932,0.40809792504585934
rpd3_bre2,0.4873097565871446,0.385522194670019
empty_ldb7,0.3134601239641519,0.38639127440503607
bre2_nut2,0.3093986959462408,0.4112720416969441
nhp10_arp9,0.2823588735061036,0.41537432902385857
srb7_hat1,0.3869069385840591,0.42262792582379305
nhp10_med7,0.2749211692918195,0.41317010087120154
pyk2_nut2,0.307703473008836,0.4165213802211395
nhp10_hat2,0.2764667908422809,0.4014415257143541
eaf5_med4,0.6801061674592449,0.4253015238633637
mig1_hmt2,0.1551030874078683,0.38590165289835765
srb7_sir2,0.2232281267678722,0.39415074377065
hos2_arp9,0.4946673488137459,0.3991266587495076
nhp10_hos2,0.2727397746795251,0.3969170602921042
ada2_cac2,0.6809182142348951,0.40329157218939893
cac2_hst2,0.2322447502030045,0.37980815465734585
rtt102_swc5,0.4479305713665842,0.40587960466947276
hhf2_gcn5,0.2777722649820071,0.40871724416786687
gcn5_sfh1,0.3701176346149426,0.4266629837329582
hat2_srb7,0.1988483120115882,0.41058547395861106
hos1_spp1,0.3177917326862258,0.4051601869660898
nut2_swd3,0.4838793290137325,0.3752721879314692
med4_srb7,0.8259431748696959,0.4069175111840669
rtt102_dpd4,0.3388495196589762,0.3960306170217441
arp6_vp16,0.6187600342109965,0.3704237130496493
btt1_lge1,0.2606447155168291,0.38135480385596426
hst2_med7,0.22087542349597,0.3766177812225673
swc5_hat2,0.2318619845392645,0.4158783738713362
htl1_snf11,0.7109616082673241,0.43681512497381025
bre2_cdc36,0.4482239078739848,0.40854606040932556
sir2_pyk2,0.2318855432727893,0.38345110581543496
swd3_rpd3,0.5926046153401847,0.37485808897519596
pyk2_empty,0.23712409899468,0.40423468950403096
hhf2_mig1,0.2694730954646713,0.375221131938519
arp9_gapdh,0.2146579720228845,0.35838069169418285
cac2_swc5,0.2527110524791096,0.4017020949513968
swc5_ies5,0.2269065183028054,0.40636349554065077
esa1_gapdh,0.352773611584479,0.4067860429521608
sir2_hmt2,0.2233014242187058,0.3682880411482157
nut2_tdh3,0.5432069263709164,0.3762402309858048
rpd3_hos1,0.5270743373936573,0.39137756443667343
rpd3_gapdh,0.404158084237589,0.33518243430719497
tdh3_sir2,0.2573336502349894,0.3660828874811989
ies5_rtt102,0.5193031159050508,0.3995300355610898
swd3_htl1,0.5932017884731859,0.3765135428329225
arp6_rpd3,0.4115957621455941,0.3872141256667867
tdh3_DAM,0.1944136642247279,0.38264466480284043
sfh1_rpd3,0.8275125886497781,0.402049788105373
swc5_eaf5,0.4171067237562155,0.42372159146563343
hmt2_eaf5,0.3076284266214525,0.4013461971177737
gapdh_swc5,0.2169253867255793,0.3807946406042751
swc5_nut2,0.3033740486197109,0.41505828337470774
lge1_hos1,0.3387986486960556,0.4001686595574012
hda1_ies5,0.1644513019719542,0.4123963366308018
sir2_rpd3,0.1970665256634429,0.35401201102682833
sfh1_hos1,0.8278665657277734,0.4208351220324146
nhp6a_rtt102,0.1904686492102009,0.3907367034080407
hst2_empty,0.2398334499803787,0.3841755593468304
nhp10_swc5,0.2686776406603474,0.4084660769586328
arp6_hmt2,0.4009825193047652,0.37839111034931144
hmt2_hmt2,0.2071939270297376,0.38542884703447383
dpd4_sus1,0.1983679035722931,0.41574905459899897
vp16_sir2,0.8975190815102663,0.3683963041557002
esa1_rpd3,0.4426690968052764,0.37562025408142247
ada2_srb7,0.684808221980977,0.41984156126323
nhp10_pyk2,0.2754858994832672,0.39547970200564925
rpd3_arp6,0.4372978022486291,0.36916860124129564
nhp10_nhp10,0.2560637944710311,0.4230421455598507
med4_vp16,0.8434062129904949,0.44273157364417287
nhp10_bre2,0.2877169092162275,0.41222970686790655
gapdh_snf11,0.2788371947580089,0.3617185503876301
gcn5_empty,0.3085696148885028,0.4116684548491356
nhp10_rpd3,0.2695515659666526,0.39954824885263884
dpd4_tdh3,0.1866839267064076,0.34484876646905627
htl1_mig1,0.1713055701855767,0.37163201248057254
swc5_snf11,0.6167271766056628,0.42741998269340903
sir2_med4,0.2179324155605074,0.39832906373662746
med7_cdc36,0.5096687105448314,0.40293380739284956
snf11_ies5,0.5428864160819726,0.43729891176109026
vp16_swd3,0.809949804876592,0.40728280469801914
hmt2_hat1,0.2298303938691387,0.3992341539446859
ldb7_spp1,0.5908123587060932,0.40713437402342184
pyk1_med7,0.2541985014619763,0.37764756248744746
rpd3_btt1,0.4929859449996728,0.38271160917890695
tdh3_pyk1,0.2020077390693503,0.36465482684460127
med7_htl1,0.4011917413002517,0.42436089016476486
med4_med7,0.7987470561802492,0.40086620806784945
nhp6a_bre2,0.2185379801955679,0.3848430773281492
srb7_ada2,0.5590049807979106,0.4233876012969786
spp1_pyk1,0.2119815408627953,0.38223076304358394
srb7_sus1,0.5607542267977339,0.43704886503772766
gcn5_nhp6a,0.3262166395773582,0.4084246260048336
hmt2_cdc36,0.2402365192569875,0.3809588754266305
hst2_hos1,0.197270417202434,0.38724575637200687
med7_ldb7,0.5078214501262457,0.4157959083125613
hos1_esa1,0.3588850447510926,0.4115492127291183
swc5_hos2,0.2450847539022294,0.41124162840249723
hda1_tdh3,0.1623555632445159,0.3585645150103315
esa1_vps71,0.5005770671575609,0.39812942415809577
swc5_ada2,0.3116205918538807,0.42142054845089805
hmt2_tdh3,0.184343845230556,0.3620091683721415
vp16_eaf5,0.8694140477473522,0.4124586807436749
hhf2_dpd4,0.2140495069006827,0.3858409692204516
swc5_lge1,0.2200784356167832,0.38659044555125055
hos2_vps71,0.4854041711595614,0.39925152841546896
ies5_ada2,0.6067398961901227,0.42647401804963175
vps71_hmt2,0.2538882554916714,0.39523873921139785
htl1_gapdh,0.3354943548569283,0.371409270483134
eaf3_dpd4,0.2435557862456283,0.3975394402462484
pyk1_DAM,0.2557405565972476,0.38544081228781907
spp1_vps71,0.1978821240142884,0.40383059119322995
hat1_hat2,0.2278116703310285,0.4245311675021443
vp16_cac2,0.8436736684747066,0.39652390251972414
snf11_hat1,0.6935577109300824,0.41590254591698284
arp6_dpd4,0.2749952473684899,0.3909467034273028
med7_swd3,0.4095644625783893,0.37103752164559745
ldb7_empty,0.4770748876284304,0.4080605511085656
swc5_dpd4,0.1907082134535828,0.42526054600167174
snf11_esa1,0.6435664702438708,0.421448070264041
med7_ies5,0.2714006932645694,0.3994290824128896
hst2_gapdh,0.2129374489176789,0.3412199504579224
pyk2_lge1,0.2254009398104044,0.39138564687157557
btt1_hat1,0.2782154965624981,0.4149261470107123
eaf3_nut2,0.1792502423887859,0.399537829431586
snf11_hos1,0.6839970588529873,0.4077856618487061
vp16_esa1,0.832462630781978,0.3853551251691653
empty_ada2,0.2791340169165622,0.42550645208152105
hat1_hmt2,0.2372768337184085,0.4034781495874743
DAM_tdh3,0.1978120280401696,0.3979154997319436
vps71_ies5,0.2125498952832359,0.4036470520844549
pyk1_btt1,0.2066914842699854,0.3693160416958503
hos2_vp16,0.7179560713402497,0.39565785289737
sus1_pyk1,0.4169939499174128,0.3932654928900685
eaf3_hos2,0.1892973084343104,0.38185466375030214
rpd3_rpd3,0.4033158862303263,0.37358653011108867
hos1_rtt102,0.3559821398168658,0.39993185928915514
dpd4_ies5,0.157211206121074,0.39838587010371646
empty_gcn5,0.3252052689503654,0.41371276903036924
rtt102_hst2,0.4142368194809835,0.3694011806418552
hos2_gapdh,0.4578332398398627,0.3743935627242875
nut2_swc5,0.575879365116652,0.4150830831629754
hmt2_nut2,0.1957408329319765,0.38624468476745166
arp9_lge1,0.2165003840419841,0.3875146889437296
rtt102_nhp6a,0.3984153901139486,0.4031422307429992
hmt2_sir2,0.1803622869086274,0.3846605526733717
gapdh_esa1,0.192854444318777,0.3726894112090124
nhp10_ldb7,0.3258185327126714,0.4278043168434413
sfh1_rtt102,0.7837774076793627,0.41916166366172003
swc5_rtt102,0.2698723394135531,0.408054132524396
swc5_srb7,0.2579080305668567,0.4145236572606344
bre2_rpd3,0.2912566542866655,0.4096408540622713
pyk2_arp9,0.2783032386998811,0.3899924697270305
nhp10_rtt102,0.2462458697562315,0.4122378344361665
nhp6a_mig1,0.1154056947807837,0.37176871909106224
ldb7_ldb7,0.6461477173029218,0.41184459345613345
tdh3_rtt102,0.1995689697804914,0.3544243547235829
sir2_sfh1,0.2081638494022795,0.40828849103884385
gapdh_vp16,0.2305469535740886,0.32963104227439055
nhp6a_med7,0.2041223772248656,0.4041233176457919
hmt2_gcn5,0.2568819899954009,0.4068878779875543
mig1_ada2,0.3618635574829673,0.3982899744700009
hhf2_sus1,0.2433018026596286,0.4161159137638175
snf11_gcn5,0.7203128986590159,0.3946869769804417
htl1_bre2,0.3768395750643271,0.3967536686491916
vp16_med7,0.8605757159473717,0.40848154929666947
sir2_swd3,0.3289303502713521,0.36162588781712046
btt1_empty,0.266823486082712,0.37166028428170256
rtt102_arp6,0.4637975776373113,0.3765397867958489
rpd3_srb7,0.5581158480167264,0.3932222657004477
ada2_hhf2,0.5822165359742644,0.41578614841531836
mig1_srb7,0.2419716528572404,0.3694060833737781
htl1_srb7,0.4265003364266471,0.43367829926538803
med4_nhp6a,0.7876888766160253,0.40251769388764813
empty_arp6,0.2150360299779584,0.36683100333813495
dpd4_pyk1,0.1759597128169685,0.38062572678673495
hst2_nhp6a,0.2532478128816914,0.3741707134958694
med7_bre2,0.3962817687825485,0.4168857438677279
pyk1_vp16,0.2868143362614506,0.38595973124277405
arp6_hos2,0.3724598850040195,0.38599428307787603
esa1_htl1,0.416722588978837,0.4322094796655298
bre2_ldb7,0.487969686072679,0.3999250897317382
hos2_ies5,0.3064775649253006,0.39010118284501366
pyk1_spp1,0.2577941593898507,0.40672051827072475
hmt2_swd3,0.181204099277311,0.36593023929895735
cac2_gcn5,0.4312986895485609,0.3972727136756923
swc5_htl1,0.3852255414078317,0.42285801037621745
arp6_cdc36,0.5113096807365418,0.38848016700278715
mig1_hat2,0.1812873175741434,0.3804151613614599
DAM_sus1,0.3835168393462039,0.4120436169067382
nhp6a_srb7,0.2786694379241402,0.40649207269105225
nhp10_hmt2,0.2680541335738864,0.4053629433722504
htl1_spp1,0.4172043720707144,0.40863893262228485
sir2_btt1,0.2121100024876956,0.3895561725270763
sus1_DAM,0.6839196409191578,0.40085610677318284
dpd4_lge1,0.1669419428733727,0.3712896335508558
sfh1_mig1,0.6935239910958197,0.40698265286811036
gapdh_btt1,0.2028451150697062,0.35561268781907807
hda1_esa1,0.3823888579341089,0.39342626567027034
rtt102_ada2,0.5776532323265118,0.41373096646086177
spp1_hat2,0.2137359276941515,0.39416833251781097
mig1_rtt102,0.2004433631311473,0.3578205311625969
empty_swc5,0.2225428995199788,0.4298463310008126
hat2_cac2,0.2316648763595989,0.40486492289608295
eaf5_ldb7,0.6648128690829808,0.4177357992232596
btt1_mig1,0.1702354670066723,0.3650999935084538
eaf3_srb7,0.2077770260125166,0.40964225046848085
lge1_nut2,0.55672554612021,0.39161638268062776
ldb7_rpd3,0.6295617351919094,0.39358206498180615
empty_vp16,0.4467690577665707,0.4412851076586766
ada2_DAM,0.6866800633156799,0.4098244379560312
cac2_arp9,0.2519604652606054,0.3554608021678671
nhp6a_lge1,0.1742557644349025,0.3709298699888713
vps71_btt1,0.2687379986616766,0.4050411010889655
spp1_vp16,0.3934331958111312,0.39786674047460135
nhp6a_hat1,0.2605314573212293,0.426262531820021
hat2_DAM,0.2403110812509176,0.3853375591352627
bre2_eaf5,0.392622327193677,0.4102101536788824
swc5_pyk2,0.2208751698379296,0.41098516551106823
spp1_hos1,0.2737576402533282,0.40740544227000447
snf11_hos2,0.7106107244453163,0.3909236053375421
lge1_esa1,0.6047379347085813,0.39492230993917665
med7_sfh1,0.4790041020982586,0.43320538532671615
hst2_ies5,0.2646970744004201,0.37274540077184104
cac2_gapdh,0.2250417612377977,0.3611936369980808
vp16_nhp6a,0.8861536683338846,0.3856683129017072
sfh1_hat1,0.8098917114267323,0.4400274369858886
hst2_btt1,0.2330091612116936,0.3849766187630347
sfh1_tdh3,0.738540500231001,0.3922321119640243
dpd4_cdc36,0.2016544183556251,0.4199586844160053
arp6_ies5,0.2499144331439151,0.38840882047775926
ldb7_bre2,0.6129088337684669,0.41086277319689335
hhf2_rtt102,0.260689680366449,0.37577346980031856
ldb7_swc5,0.6318236047569155,0.4125046437184602
esa1_nut2,0.4602173028901598,0.4208657431786686
vps71_lge1,0.2371915952507014,0.38867123484387606
gapdh_hhf2,0.2293467361131324,0.3605087684272365
hhf2_srb7,0.2568703367730482,0.4072403394959131
mig1_hos1,0.1752433000193707,0.3934017209060132
htl1_swd3,0.3611211493882155,0.39539036371345787
empty_hos2,0.2102807744857375,0.38418256935762324
arp9_med4,0.348218523515015,0.4050274654125909
bre2_hos2,0.2778145302846425,0.39094156067036767
empty_bre2,0.2278641748859396,0.41213887997169746
hos1_vp16,0.6451317124996219,0.41104044123195604
cac2_mig1,0.159463309824128,0.3820064568964821
gapdh_cdc36,0.2364539974693474,0.3789550345759653
hst2_arp6,0.2469879773337454,0.36267842126606425
cac2_sir2,0.2071804232511326,0.37458320803910083
arp6_snf11,0.756806167655435,0.3925162634390863
pyk1_ada2,0.2399304020273651,0.40635155244588655
hmt2_vp16,0.2785771084250102,0.38793561628487716
sfh1_arp9,0.824669038990753,0.4014257024987269
arp9_med7,0.3033822688958559,0.3873032336307648
eaf3_hat2,0.238686411661825,0.39641032679430405
esa1_lge1,0.4395085211447899,0.3961461263346904
tdh3_hat2,0.198829248773201,0.3653387912954062
pyk1_sfh1,0.2619640555162713,0.41996917105296755
hat2_hat1,0.2077044382822824,0.3936785298438685
pyk2_dpd4,0.220050476907493,0.42015285917363127
dpd4_esa1,0.1621238801039229,0.4230128958781698
hos2_pyk2,0.4525766105163828,0.39420181368191887
tdh3_med7,0.2086421684342892,0.37566639277370034
esa1_swc5,0.4202325132656183,0.41308529904623265
hat1_hhf2,0.2576834117708614,0.4012547112292256
pyk2_bre2,0.1857412335561143,0.39009058948862485
cac2_snf11,0.6491628486867471,0.3737968046615388
hst2_snf11,0.6367106204238587,0.3894164644538029
pyk1_ldb7,0.2757213566652577,0.39210387940402175
htl1_rtt102,0.4230033506451973,0.4137616500369881
nut2_med4,0.7138942467140121,0.4013443713317763
med4_ada2,0.7975754980998842,0.4183767095528093
tdh3_dpd4,0.1843168018526835,0.36714797355573564
snf11_nhp6a,0.6740193665764087,0.4080849627163184
mig1_gcn5,0.2136731618526261,0.4010673572640928
snf11_snf11,0.7781297660650364,0.40180110265696034
rtt102_nhp10,0.2735396945164643,0.4026835728250598
gapdh_sus1,0.2077791670662286,0.35918889522844355
bre2_DAM,0.285283757786122,0.41127326261386665
mig1_vp16,0.20974870946543,0.36717334455189676
swd3_lge1,0.5693934817564483,0.37187478568510896
hmt2_cac2,0.1924649777903461,0.37517619066201313
dpd4_srb7,0.1766934823840417,0.42155711848996225
srb7_bre2,0.390949044219339,0.41893565679704076
vp16_hhf2,0.6991681582157574,0.3616745835943101
hos1_hhf2,0.1966759688463815,0.40209333767330746
gapdh_mig1,0.1590973661832345,0.37999785587081814
ada2_ldb7,0.6986768709633844,0.4193659725743291
btt1_sir2,0.1995462021293741,0.39390053319564805
hat2_ada2,0.3360963332436406,0.41052382162102824
med7_mig1,0.1857270055989786,0.38323787338275495
cac2_tdh3,0.2645158840729539,0.35964847468821254
med4_ies5,0.7035389892875058,0.41714804728137755
esa1_swd3,0.472621057978009,0.3908041890716926
med4_gapdh,0.7082172946852565,0.3840611839505257
snf11_eaf5,0.7624120066462193,0.39957135284207695
ies5_mig1,0.3391495512352945,0.373457319992707
rtt102_eaf5,0.6336488703104259,0.41333963036531296
esa1_ies5,0.2756470187653012,0.4166163258910061
snf11_hst2,0.6889879607543445,0.3806823078757544
ldb7_srb7,0.6393971816390926,0.4179775495130729
sus1_hhf2,0.6243224504646601,0.4156128417314489
tdh3_rpd3,0.2103080740867425,0.3850561414394539
gcn5_swc5,0.3696763936215184,0.41765505568553607
srb7_hmt2,0.357333133643727,0.4100003531273815
arp6_eaf3,0.2912848418887102,0.3622815739567842
bre2_sus1,0.3966192958736538,0.4066236097674535
nut2_arp6,0.5126693905814785,0.3800123311125254
hat1_lge1,0.2601361297375911,0.39951632203484666
eaf3_med4,0.4077645463000976,0.4025596752182178
sus1_lge1,0.6537953795580425,0.3930532502539645
mig1_sfh1,0.2329669005021342,0.407281052332633
htl1_htl1,0.4418543957942856,0.434599890596591
eaf3_pyk2,0.2432531588568951,0.4065999266900353
rtt102_DAM,0.4425287852975218,0.40242691382866685
med7_rtt102,0.4304794906951294,0.4014126346513155
dpd4_snf11,0.4195613530013197,0.4220895166593134
bre2_eaf3,0.3110973122372437,0.3960854787681678
spp1_DAM,0.2165564186749989,0.39886205551062587
eaf5_hmt2,0.5331709894222963,0.38664315860732856
eaf3_med7,0.3585933936511998,0.396020025401414
empty_htl1,0.3243808706962696,0.4266936646539084
hos2_gcn5,0.6301695436341743,0.39799491783390206
eaf5_pyk1,0.5670180391432308,0.3957020782775176
nut2_esa1,0.6427240824501474,0.4124544445052884
hat2_lge1,0.2691605048429647,0.3858697713448794
hat2_hos2,0.1792585760420329,0.39370050414265884
hat1_bre2,0.3189897392116625,0.41295386474129914
bre2_hos1,0.2416943284207334,0.40936994132305177
cac2_hos1,0.2654393417872021,0.3911094435978875
hst2_eaf3,0.2367171687755389,0.3830631690118186
med4_tdh3,0.7067369793032166,0.3836551787034572
med7_rpd3,0.3951722693723332,0.37900105509594006
nhp6a_hmt2,0.2582336732843013,0.3896645970469373
dpd4_dpd4,0.175629946382864,0.39423682609720334
htl1_hat1,0.3755317616061984,0.4277488998983638
hst2_lge1,0.2093451482970401,0.3871660255943905
sir2_DAM,0.2127170071112059,0.3863150680436389
gapdh_bre2,0.2437817751134324,0.37094881899889637
gapdh_dpd4,0.1816573835358925,0.37008141322144
pyk2_srb7,0.2301940158547442,0.3887107790988932
spp1_gapdh,0.2249854145982918,0.40093492870289865
hat2_hos1,0.2252569615031118,0.4050760438664759
arp9_ies5,0.3460609572989525,0.4051903199315708
mig1_cac2,0.1639099639810518,0.3826844842127039
ada2_sus1,0.6946190651054731,0.4216688671842963
rtt102_esa1,0.4854489045433978,0.4035548879206722
gcn5_hat1,0.2794239909055802,0.405774690877331
cac2_cac2,0.2627246120019225,0.3718063941213462
hat2_rpd3,0.2122170037072166,0.4115053430629768
sus1_snf11,0.7724580977652336,0.4249740764698665
lge1_tdh3,0.3585925198382404,0.36623036402149545
lge1_dpd4,0.3563063269946505,0.38453157996402665
tdh3_vps71,0.2172270937702447,0.38557573156272307
snf11_htl1,0.7044609215036266,0.4283180307577125
cac2_hhf2,0.2143566823757222,0.3757524882805337
dpd4_sfh1,0.2036834294353841,0.4180429377415477
nhp10_snf11,0.3444997014730834,0.4307020142254741
hda1_pyk1,0.2986668462713826,0.3758708555648245
nhp6a_DAM,0.3809336189397617,0.39137361327885856
vp16_empty,0.8691571728454568,0.4841073220884466
esa1_eaf3,0.4299470741517019,0.4136665346424564
ada2_htl1,0.6070112252820392,0.41894660595636896
cac2_srb7,0.2701420642589957,0.38027544755909176
vps71_bre2,0.2430667061698148,0.4119822264093461
srb7_nut2,0.6535763441201456,0.42012798857633166
tdh3_lge1,0.2025511163521139,0.3765234953696075
ada2_tdh3,0.6254881239954445,0.3943559875695535
empty_sus1,0.2789980347695815,0.4316368747234582
hos1_cdc36,0.4326393622544169,0.39425602478263516
hat1_rpd3,0.280736148749378,0.3944880595362612
mig1_nut2,0.2152421758607334,0.37116022410426464
hhf2_nut2,0.2207622111289587,0.40249996460694804
pyk2_sus1,0.2589668119560677,0.3968049205422349
swc5_eaf3,0.2793736274209402,0.4154101349459817
vp16_mig1,0.8532715992044198,0.36821357954944695
vps71_empty,0.2520744967274816,0.4055957294612129
rtt102_med4,0.6244252115058597,0.4019069266039821
bre2_cac2,0.257183016465675,0.39063763216517655
hat1_swc5,0.3276878580369556,0.43280411067779845
hos2_htl1,0.5934251395241723,0.40379659330641016
esa1_pyk1,0.3435692361155946,0.3912182666991149
spp1_rpd3,0.2297975059614833,0.3827252886911777
tdh3_btt1,0.1955328895367308,0.35408956600308084
swd3_snf11,0.7709514598470582,0.38547465178837126
btt1_sfh1,0.3793862543961518,0.40559005456668296
vps71_sus1,0.3716717938477606,0.40818364253773554
med7_empty,0.355013637309605,0.4079657100017748
vps71_hat2,0.2537347508934524,0.39828540099748955
nut2_arp9,0.5869632684430022,0.38139811488476927
nhp10_esa1,0.2990225987720599,0.4206070934616747
swd3_hst2,0.4508970803520483,0.373700088564868
eaf3_gapdh,0.2911002258888013,0.3692839893725733
nhp10_nut2,0.2758059374730636,0.43196229660203056
eaf3_hmt2,0.2659015370419084,0.3913724415742932
mig1_arp9,0.2682391749947665,0.39290604863278583
vps71_arp9,0.2192707967088215,0.41018302701440745
pyk1_swc5,0.2191480882613495,0.38168487683351765
hmt2_vps71,0.3136757006558804,0.3916967993025072
bre2_swc5,0.2802423592174003,0.41298203179532067
eaf5_spp1,0.6316078201188855,0.40666999132568027
eaf5_nhp10,0.2386699650026951,0.4335217752657955
hda1_spp1,0.3148960986252139,0.398655653920751
med7_dpd4,0.2912612130554906,0.4164235325176185
rpd3_eaf3,0.4021538251233504,0.38451168321924295
empty_nhp6a,0.2153842435267456,0.3916559595398441
hmt2_empty,0.1934606802946756,0.3708515081381947
ldb7_sus1,0.7170351493189198,0.40601685740342564
hat1_pyk1,0.229134033698197,0.3935029257047502
nhp6a_hos2,0.2064544582999809,0.3827719087353103
cac2_cdc36,0.3346435211512494,0.3896071325813544
sir2_srb7,0.2075551044908517,0.39479644905186306
eaf3_rpd3,0.2735787168795669,0.3834898467321255
med7_pyk1,0.3397654422776397,0.38445023275886864
vps71_DAM,0.2255092992991132,0.4144733324008856
pyk2_gcn5,0.2471024062542042,0.39713245293973676
swd3_arp9,0.4591813086996255,0.39094705667741775
ies5_swd3,0.4864135288883789,0.3875067001301405
bre2_vps71,0.209504162540607,0.4050228841150075
mig1_dpd4,0.1765021359398308,0.3681714835808077
gapdh_eaf3,0.2333479961900952,0.3644177453040005
eaf3_sfh1,0.3083319265280809,0.4181488651723357
ies5_tdh3,0.417532446383575,0.3801982043639186
bre2_hhf2,0.2819685496527871,0.3964248980542384
spp1_bre2,0.2411556025612176,0.4008543153208063
nhp6a_arp9,0.2038207840149099,0.40882649500162405
hos2_hat2,0.5081879775631666,0.39551547496419215
hat1_arp9,0.2506549077459982,0.3969117263106586
nut2_cdc36,0.6541560878879566,0.4065173774566687
hst2_gcn5,0.314076699936522,0.4110300029979632
nhp6a_pyk1,0.272050108367939,0.3854806886196407
vp16_ies5,0.8449783810313016,0.4363660071080289
hhf2_eaf3,0.2392515286045058,0.39361398518214197
pyk2_pyk2,0.2430080713008107,0.3958029831367724
eaf3_htl1,0.4336068688866596,0.40638184329065874
ies5_hos2,0.3763735526318869,0.40712921510028616
ies5_swc5,0.4057909948228002,0.4154333808185842
bre2_pyk1,0.2493447583068139,0.39551174993101257
hhf2_hmt2,0.2785889451438692,0.3954131553665228
hat2_htl1,0.3701775868557184,0.40584988290471885
eaf3_cac2,0.2277721924299203,0.380780293534972
rtt102_sus1,0.6016654211469843,0.4123023858737418
nut2_gcn5,0.6621009645587803,0.4129668521410278
vp16_gcn5,0.8719862108874964,0.4058610101312313
eaf5_dpd4,0.4801255577239267,0.41222171638918526
hos1_arp9,0.3693999288844962,0.3945474784676498
vps71_eaf3,0.2751699611312136,0.3992589005629468
med4_lge1,0.7994952236873156,0.3961003803368837
med4_DAM,0.7969350616524271,0.4253765096175467
lge1_sus1,0.4579394985020648,0.3816966136333742
esa1_rtt102,0.4713699500389092,0.4177338101662248
hmt2_rpd3,0.2592365489201611,0.39866591232559406
med7_srb7,0.6390815429940888,0.4090152165084108
btt1_hhf2,0.2343158408535992,0.4054607672013496
bre2_sir2,0.2351713206934941,0.3765390979152274
hmt2_eaf3,0.2626415707272344,0.3680915695950672
arp9_dpd4,0.2103432342489113,0.4088852921481116
hhf2_nhp6a,0.2558101044964468,0.38901451957648486
gcn5_rpd3,0.3422509608363629,0.41140980503584385
rpd3_empty,0.5206798181893548,0.36302891841174423
htl1_DAM,0.3714568426220798,0.4162574920842865
sus1_ada2,0.7586021808689641,0.4227571483733987
sir2_ada2,0.2460440767769073,0.3981940914453185
rpd3_snf11,0.755751452409716,0.40133823876029207
gapdh_arp9,0.2018059448503212,0.3745459813451544
arp6_btt1,0.3362300514085947,0.39024404393728906
empty_hat1,0.2298598452353722,0.42821148147703736
arp9_srb7,0.2483635885235129,0.4157104051938568
sir2_gapdh,0.1995484791359522,0.3513343203976931
spp1_hmt2,0.2371128458288346,0.394264361023747
sus1_rtt102,0.54882091406894,0.4126919537558127
med4_btt1,0.7878777186700873,0.4020517236059817
htl1_sfh1,0.4847388892838669,0.43419687502412135
sfh1_ies5,0.7126036601398985,0.4288150928644084
sir2_rtt102,0.235682973074865,0.3879573276205334
esa1_hmt2,0.3699358210305029,0.3994350034258182
btt1_htl1,0.4228761275836816,0.41523710153301807
sir2_lge1,0.1982340857938506,0.37295943758583927
ies5_empty,0.4869585265684343,0.41744623371051215
spp1_cdc36,0.3405669369470779,0.40105251026447386
nut2_vps71,0.6194341008579609,0.4021750804722245
hhf2_pyk2,0.2438257390532339,0.3994405710621823
tdh3_ada2,0.2317605347529599,0.4025355601177682
ada2_pyk1,0.5989953254330742,0.40416466180771304
med4_sus1,0.8003008790742363,0.4113851321041238
htl1_ldb7,0.487240160619425,0.4203152042287862
hmt2_esa1,0.2165820044688365,0.40068561645655126
dpd4_hat2,0.175797329000758,0.39931104816309176
snf11_vp16,0.8289356235885847,0.42067220781180537
tdh3_snf11,0.2810791081363061,0.35959408019301997
arp9_empty,0.2622628611897961,0.39854182664229154
btt1_swc5,0.2724918727908513,0.40973878317818757
ies5_htl1,0.4685039449497489,0.4400967291125523
nhp10_vps71,0.3470395697975899,0.41174017886856734
arp6_htl1,0.5421907154848474,0.3867463709278325
pyk2_swc5,0.2261474929362577,0.37884605882947786
sir2_vp16,0.2196734160862656,0.37563827265137345
vp16_btt1,0.8542302932626875,0.36260914629328855
swc5_med4,0.4304600008387622,0.42257033787387455
snf11_nut2,0.7292664028086054,0.41715357054144914
cac2_lge1,0.2404415784112245,0.38056654246683297
hat1_med7,0.3598645441170511,0.4139055795062463
mig1_esa1,0.207416843524707,0.40986452439068954
sfh1_hhf2,0.8350721538996796,0.4261422970214932
vps71_sfh1,0.39239123602701,0.4185799703721122
pyk2_rpd3,0.2707906827533408,0.38753305266484944
arp9_bre2,0.2118075323718452,0.40224846822608223
hos2_ada2,0.60184048559477,0.41151878691144594
eaf3_swc5,0.2465675684780727,0.40609328410610585
hat1_hat1,0.2663214997262653,0.41342738548197977
hat1_mig1,0.1659713291298265,0.41071792467439544
sfh1_snf11,0.8682584696941829,0.43668532107848296
hmt2_gapdh,0.2088710851418405,0.35963547567761045
ies5_arp9,0.4362249509263388,0.3985563671380943
hhf2_btt1,0.2546627340271434,0.3947145100261966
swc5_mig1,0.1700234613014469,0.3874106447926113
swd3_nhp6a,0.5059883326078342,0.38313373721441135
hos2_hat1,0.4630377148066815,0.40642999489945364
nhp10_lge1,0.2691141192621444,0.38023951351872637
hda1_sfh1,0.2576577666768905,0.4065013664457065
bre2_hat2,0.2680066471147834,0.40939964274936136
nut2_hhf2,0.5264744668090482,0.3804136936447875
med4_hos2,0.788140792058184,0.40087490026474815
sir2_snf11,0.458237737426067,0.3905281294271976
med7_hos2,0.3734195380610485,0.3817403215526505
empty_empty,0.1997586697239314,0.29317908017068317
hos2_DAM,0.5196024500492784,0.3818019392432696
vp16_hst2,0.8832741463430023,0.359517605095935
sir2_hat1,0.2129288851533651,0.3742847391384342
snf11_rtt102,0.6916035527404956,0.4085522576374434
nut2_hst2,0.605194043676889,0.3875927591452816
nhp10_sfh1,0.308433978624086,0.4452048188620023
hda1_vps71,0.2471321960911086,0.3964835131857518
empty_nut2,0.2496387823288209,0.41342556652942125
hat2_hhf2,0.1912300839545974,0.38216572951223754
ies5_bre2,0.4307555032993763,0.40785469892241893
pyk1_gcn5,0.2781828715774088,0.3870917817758143
arp9_eaf3,0.2516752331900622,0.4042968868705782
tdh3_htl1,0.216464891685326,0.3621495852176125
sfh1_gapdh,0.712614079678181,0.3962582008880859
btt1_eaf3,0.3290221190832418,0.39351990841885315
empty_cdc36,0.2397785285347958,0.38679125036797835
hst2_bre2,0.2589986211364944,0.39164059261581163
rpd3_cac2,0.4750677094719883,0.37579485084305647
esa1_cac2,0.3805038932675619,0.3679897014698207
pyk2_vp16,0.2811854674838023,0.3797512694181574
med7_hst2,0.3242289303574307,0.39270653774718195
htl1_med7,0.5108109992551729,0.4271588081171651
gapdh_pyk1,0.2078103357864723,0.36473628314653384
nhp6a_hat2,0.1687460348786609,0.3801315490284169
arp9_hos1,0.3466009400457154,0.413030817443156
hst2_hat2,0.2244799281529982,0.39174469735995887
ies5_hos1,0.308555483671724,0.43010643316945624
hat1_empty,0.2511996995061405,0.4081726535949629
nhp10_vp16,0.288135316336534,0.39816140779412057
hst2_nhp10,0.2663379625079355,0.403222119638657
mig1_ies5,0.1628695880115386,0.37190858788400105
ies5_nut2,0.5069530879699168,0.4048005576767781
ada2_hos2,0.6713058243719332,0.411767088801272
dpd4_spp1,0.1674714860577801,0.40754836148310475
dpd4_arp9,0.1772978523483367,0.4145560519943161
dpd4_ldb7,0.2538611281531159,0.3936713613817811
hda1_mig1,0.1817348581407835,0.3957918182415516
hhf2_tdh3,0.3855079841585103,0.36804398016128526
hhf2_hos1,0.2558506243865756,0.3860368649965821
hos2_nut2,0.5662102096477005,0.38819382564811555
swd3_nut2,0.5820643169292601,0.3609857461129222
eaf3_pyk1,0.2984459916006955,0.39660571135108297
eaf3_eaf3,0.2230183072991892,0.40463919130255593
dpd4_sir2,0.2781950248634391,0.3758016480648115
htl1_cdc36,0.5205845520771505,0.42534494972677417
rtt102_gapdh,0.3625833951209196,0.3813050189866977
med7_med4,0.6762515863342438,0.4072406111447767
eaf5_rpd3,0.607311637178394,0.3853335842326254
pyk1_lge1,0.2401065033426691,0.38598685165722885
vp16_arp6,0.8690715659115977,0.3940513727484892
arp6_lge1,0.3263087182837658,0.38221841704904785
hda1_cac2,0.2161546911795217,0.3708160771243858
bre2_sfh1,0.3760050597670418,0.4126535562706547
med4_cac2,0.770249429822184,0.39498776155139326
hos1_med7,0.4919854763189856,0.4114601723600948
spp1_mig1,0.1595683468601795,0.3941572713097636
hos1_btt1,0.3481152607708674,0.40512384102193394
med7_arp9,0.4046405222587944,0.3983072014362403
tdh3_cac2,0.2070616896957391,0.3515369088188567
htl1_hst2,0.356286069461136,0.3962939454122968
rpd3_hst2,0.5265669247822612,0.37005938676012295
htl1_dpd4,0.3022493944967647,0.41195521031318005
gapdh_hst2,0.1851849816369311,0.3559282712105166
btt1_gcn5,0.4528330698007554,0.3970375919730482
sus1_htl1,0.6969817762949454,0.43096804755552576
ies5_cac2,0.4287224052383738,0.3810656882218003
rtt102_swd3,0.4791238716392063,0.3634542180180331
srb7_gcn5,0.5365374426551859,0.4152254675417993
esa1_ada2,0.5582147442927292,0.4197613994589477
tdh3_ies5,0.1874800194288575,0.3688668065899681
gcn5_hat2,0.3153871644441613,0.40381154839248323
hos1_lge1,0.3478321385423994,0.410672354395555
hos2_hst2,0.4918345423530756,0.3875589182988294
hst2_med4,0.2580810458031292,0.400816994110219
arp6_med4,0.5125907865855196,0.3940870766142571
arp6_nut2,0.4329137914094304,0.39508026108155064
esa1_nhp6a,0.4507398543326377,0.41943127570545813
spp1_lge1,0.230744930618084,0.4020995228001221
sfh1_ldb7,0.7394726003643086,0.40367038366227975
ada2_med4,0.6948686764074803,0.4134396835343345
hst2_spp1,0.2973117986997918,0.39125446001942527
ldb7_gapdh,0.5460845815466238,0.3701423518965389
bre2_dpd4,0.2282987419918404,0.402665048428459
hos1_htl1,0.4767109054384599,0.40669659746915465
btt1_arp9,0.2786362325864083,0.385270378452141
spp1_ldb7,0.3191821812791239,0.4019478089601784
hmt2_bre2,0.212974822723081,0.41776716838850547
nut2_hat1,0.5728595496503385,0.4186295828832454
htl1_swc5,0.3671399666439527,0.42900794956025173
btt1_spp1,0.3046034573423647,0.39181844955652784
eaf5_eaf3,0.6181614645908188,0.39476123919109574
cac2_esa1,0.2624223988217904,0.4010266200983776
sir2_hst2,0.2402692500596175,0.38055401333405403
esa1_sfh1,0.5168268691125135,0.4244454588921077
spp1_med7,0.2778509957046501,0.4155560385824958
dpd4_hos2,0.164626602562547,0.39015742606920206
swc5_ldb7,0.3905506714070684,0.4233979167579703
hos2_hos2,0.5388716753398493,0.39274334702569363
swd3_gapdh,0.3953520321740422,0.3575986546519291
ies5_med7,0.5935434104607566,0.41022703925583337
bre2_hat1,0.282473616617383,0.40492724111959044
ada2_arp6,0.653970676041112,0.39255661560695443
vps71_rpd3,0.2559160095703189,0.3682291197357085
nhp6a_sus1,0.2115129442455907,0.4113009849345867
gcn5_DAM,0.2872746316061872,0.39933486124398904
mig1_bre2,0.1734283606641141,0.3961640148283688
sir2_arp6,0.2325220716556752,0.37470032344962656
swc5_gapdh,0.2253569394756484,0.39608392923661173
btt1_pyk1,0.2449702966938347,0.3623468952665173
ldb7_cdc36,0.6915140339081185,0.40089928442252704
eaf3_btt1,0.3894904714916023,0.38831807742618213
hda1_nut2,0.2251818109345946,0.39656315632191574
snf11_med7,0.7485872161521494,0.4125011238289034
eaf5_sus1,0.6561220011025388,0.4155618897490487
srb7_cdc36,0.5352399513594399,0.4152288015740502
ies5_sfh1,0.4932675115681406,0.41856245920543067
mig1_eaf3,0.1595841297814364,0.38011102728747914
gapdh_nhp6a,0.2314354790997932,0.3497528609356281
eaf5_nhp6a,0.5882468618904049,0.40324206500313564
vp16_nhp10,0.8263268611045849,0.4058332266035013
vps71_cac2,0.2129076455540917,0.39946696350946187
arp6_vps71,0.3959310682171821,0.37223322656771757
htl1_hhf2,0.3437830772804983,0.41077835762249987
pyk1_srb7,0.244656650842567,0.38091608754392725
pyk1_bre2,0.2568177992808641,0.39973029566113594
ies5_gcn5,0.4762899401524528,0.4124740664868861
dpd4_mig1,0.1499087078461966,0.37805660649429046
pyk2_eaf3,0.2471911333913999,0.40063409918971093
sus1_nhp10,0.2705987026781838,0.42208942242165837
bre2_esa1,0.277229680599091,0.41369600625232084
srb7_nhp10,0.2433629275924803,0.4330773445329587
swd3_hat1,0.4562442799495959,0.3926468941322087
srb7_gapdh,0.3222003321170688,0.3868909388446286
dpd4_gcn5,0.228298132165046,0.4191227939335128
swd3_sus1,0.6884204462560739,0.36266311883742636
hhf2_hos2,0.2696634420205145,0.4037738980558793
med4_bre2,0.7819552897231209,0.4049110980581383
tdh3_eaf3,0.2201616378195153,0.36530584014367834
eaf5_nut2,0.6261085666216804,0.41882134385988484
swc5_hat1,0.2402637227413673,0.40405193317568094
rtt102_vps71,0.4413101994895628,0.40480339642242696
mig1_tdh3,0.1487386729312816,0.38115170665895004
snf11_dpd4,0.5870098749689403,0.4334103942265845
arp9_nhp10,0.2015863624951035,0.4094513136221969
pyk2_snf11,0.3514114968629078,0.3865663298673126
srb7_hos1,0.4239950037225932,0.4376228013750162
tdh3_tdh3,0.1974327322230599,0.345232825640528
ies5_lge1,0.3922672846842578,0.37847961803242847
hhf2_rpd3,0.2438583792863096,0.34760161992985894
swc5_esa1,0.2834741870907361,0.4305776645974816
arp6_hos1,0.3762716888529771,0.3861391776241614
esa1_spp1,0.4445512724875088,0.41398943936892557
esa1_srb7,0.4473307235906775,0.4233098795136303
sus1_nut2,0.6927280425227706,0.409807656324991
esa1_gcn5,0.5778383313130655,0.41597492487121446
hos1_mig1,0.2829670655618944,0.40643309732147903
rpd3_arp9,0.4145966836806533,0.3738691877058456
hst2_hos2,0.2637841489043183,0.3799774405047436
nut2_cac2,0.5711660205333993,0.3884211934686248
nhp6a_ada2,0.2022672730238059,0.4144494469186208
tdh3_eaf5,0.244107393662419,0.38135235876286444
pyk1_nut2,0.2142966173696736,0.37366471045344934
sus1_gapdh,0.6156014294806571,0.3772865929188894
rtt102_hhf2,0.3660150782249119,0.382233131875296
htl1_ies5,0.295067730049856,0.4197719186536243
lge1_eaf5,0.5915932347115058,0.3936960708148784
gapdh_lge1,0.1860738842183634,0.3787899968243089
hos1_pyk2,0.2936824333948643,0.4013944187268842
bre2_nhp6a,0.2743100455414891,0.41702084039595816
dpd4_hos1,0.1819864263965518,0.43485720499755715
gapdh_pyk2,0.2072402706126724,0.3763982143104502
gcn5_gcn5,0.3130489772939746,0.41188091811534505
nhp6a_sfh1,0.3069672683851685,0.42499070793782584
swd3_tdh3,0.4072893427867621,0.3640847973046595
htl1_eaf5,0.6112781125803031,0.4233129653978963
vps71_htl1,0.4540593981815453,0.41758140408887495
srb7_dpd4,0.2986312861224028,0.4161772522389833
esa1_med4,0.5916640030943088,0.41181599251739576
lge1_bre2,0.3731723222922364,0.4046843902439582
btt1_srb7,0.2922654247228556,0.39784883320666736
pyk1_pyk2,0.2548910226897204,0.3842636332037037
hst2_sus1,0.2463455947770615,0.3812110997991671
hhf2_cac2,0.2265611207938412,0.39949257989623527
med4_arp6,0.7662264012504156,0.37947890443432053
hos2_nhp6a,0.5138413582848482,0.3980719257415433
nut2_dpd4,0.489841286049277,0.41338368845799917
rpd3_hat2,0.4675732949933833,0.3775391673449352
srb7_htl1,0.5283044046672156,0.4244593349779542
sus1_spp1,0.5985774943842951,0.417688385078137
gcn5_eaf3,0.3362601988516659,0.4089756186674009
ada2_swd3,0.6876802870461286,0.3934518357695078
nhp10_tdh3,0.2965111310894578,0.3970109145823247
bre2_bre2,0.2769521779222919,0.4072014820874419
hos2_hhf2,0.500666945569755,0.38534709860699984
bre2_snf11,0.6690363305768654,0.4097090872042774
cac2_spp1,0.2740926299405334,0.39443430315878636
nhp10_hat1,0.2732429568419781,0.424889621508805
hhf2_empty,0.3659141320705641,0.37187850468015865
nut2_rpd3,0.623961213922229,0.38584669744907807
nhp10_gapdh,0.2719095440497079,0.39619216510140465
mig1_DAM,0.1620580450769838,0.39421255376984354
nut2_hos1,0.5573117804720953,0.39203908513582153
snf11_cac2,0.6592874065317,0.398562574314838
mig1_hst2,0.1769863891875072,0.38098834400492343
arp9_ldb7,0.4314768931177338,0.4004880591981433
bre2_spp1,0.3058734617385479,0.4110442980438498
spp1_ies5,0.2656082649580127,0.40074845462461395
DAM_hat1,0.2895445676770922,0.4195834086239396
sir2_hat2,0.2118143188113238,0.38236712288957314
hhf2_gapdh,0.2439397867483577,0.36769550923997596
mig1_med4,0.1931581738946737,0.3830867252328634
hst2_srb7,0.2237812499295359,0.3975219573844485
btt1_rtt102,0.3310860428301395,0.39757603140673387
sfh1_swc5,0.8213294371803738,0.42882050621466056
gcn5_hmt2,0.3183525941602987,0.39605970829353143
swd3_dpd4,0.4073848124322778,0.377626102605004
arp6_ada2,0.4424863881284711,0.38893845239749086
rtt102_cac2,0.4361318963835298,0.36908810373574163
hmt2_ldb7,0.3045680732381343,0.39059449474545754
snf11_rpd3,0.708216476729843,0.3606520024810635
hst2_hhf2,0.2319669340609954,0.3669702447450396
ldb7_vp16,0.781953728981031,0.37846953580137116
hos1_hat1,0.3307333887582124,0.4153560108103672
hda1_DAM,0.3075256389415421,0.39002655404737385
hat1_nhp6a,0.2148294369153411,0.39206441318948726
med4_eaf3,0.7780563412716579,0.3993208075738354
arp6_arp6,0.3639245886213641,0.37473579166269677
spp1_hat1,0.2382238685333742,0.40165700983789787
spp1_spp1,0.2480417133087404,0.3840566024610205
hat2_med4,0.2785155458840784,0.4143847150700921
esa1_ldb7,0.5524200641550703,0.41170869729581727
snf11_DAM,0.6729785481235645,0.4163992513321351
hos2_sus1,0.5621221403133947,0.4002537531305226
hmt2_htl1,0.270754473029995,0.40097669427780996
hmt2_snf11,0.3210107918046387,0.3762485579281759
sus1_hst2,0.6712300118081342,0.3882857434988318
med7_med7,0.4286428735324346,0.396610509399983
esa1_hos1,0.4258568541819832,0.4098663846433918
sfh1_sfh1,0.8477712365622074,0.45137547476704454
nhp10_hst2,0.2878767774310604,0.41592932462362914
vp16_hat2,0.8670006355702635,0.4462172140086151
med4_hst2,0.7952332627516232,0.39692535597692624
sir2_arp9,0.1680599745767053,0.3801879201023749
arp6_gapdh,0.2906725469727542,0.3444793392753583
hmt2_pyk2,0.2088613491927612,0.404899989726686
vp16_arp9,0.8357248951744649,0.44051079383505304
cac2_rtt102,0.2669522008227307,0.37621098000169995
sus1_eaf5,0.6832268557027168,0.3986066171933727
sir2_bre2,0.2415085050477294,0.39548275919673326
vp16_eaf3,0.8634815460113694,0.38382440614980623
hst2_hst2,0.2082274681550597,0.37137093242732655
lge1_med4,0.5894958082665598,0.3875243300145242
med4_esa1,0.7271884777122,0.41955084281906657
rtt102_vp16,0.6972342049836608,0.39296495298008
ada2_vps71,0.6634538939655671,0.40428576079111594
hat1_snf11,0.6142390452640527,0.3973047511941439
hos1_nhp6a,0.3776950407222085,0.397557048485992
sir2_cac2,0.2219290376179035,0.35658819256710245
swd3_sir2,0.3337959623190445,0.36148809671949694
hat2_nut2,0.1998479028926681,0.3878783020760781
cac2_eaf3,0.2926151749059174,0.38234462005015946
arp9_hat2,0.305733936018521,0.40152414641754186
dpd4_btt1,0.1784031659324434,0.3870576257101276
esa1_sir2,0.2623636593287134,0.38004438875406066
swd3_vp16,0.7872166092400383,0.36691057722775644
snf11_ada2,0.7327171267524142,0.4072438864640469
vp16_spp1,0.8725808666610176,0.39810464214893726
nut2_ies5,0.3929694202084387,0.4170140951805083
vp16_pyk2,0.8341817489888829,0.41292529643997566
med4_sir2,0.654306654530732,0.38073146487031306
gapdh_vps71,0.2769084776487646,0.38646148480950115
sus1_sfh1,0.6883569095556763,0.43824623795841633
nhp10_DAM,0.2521325098513668,0.42806894639270254
ada2_btt1,0.6407503979248557,0.4140441669097293
spp1_dpd4,0.1969756452713536,0.41421478865889005
hmt2_dpd4,0.1900658041853107,0.4017803222560383
srb7_arp6,0.387536240889156,0.37030056160200986
rpd3_mig1,0.3377765767373697,0.3893138762688667
eaf3_arp9,0.1587593565198638,0.40417732872008044
esa1_mig1,0.2142654762391938,0.4051051280763499
tdh3_nhp6a,0.2003171332428122,0.3466838824652032
sus1_pyk2,0.5897977317609921,0.4015503053467211
srb7_arp9,0.3882147134572272,0.39196416452235544
srb7_med4,0.679394982068952,0.43988723286670744
gcn5_htl1,0.4111922010279024,0.42192082913350193
sir2_med7,0.2119642101385796,0.3973530359924444
eaf5_swc5,0.5818254770956024,0.4224665788010198
ada2_pyk2,0.6365182933180065,0.412176503497436
empty_pyk2,0.2299580711658329,0.37652620168496065
eaf3_lge1,0.1984162416525594,0.3781361775054297
ada2_swc5,0.661541630372307,0.4219204367561466
lge1_hmt2,0.5119886801735316,0.3856926472363508
med4_sfh1,0.7907496808426477,0.4403013641435426
lge1_empty,0.5605217291539764,0.36216564824266734
hhf2_hat2,0.250921754529475,0.37513237196050103
gapdh_med7,0.2547772375620519,0.37357687150003893
spp1_arp6,0.2384577581387106,0.3798459913839398
pyk1_sus1,0.2556179987163643,0.3755496126718091
rpd3_ada2,0.5493581905238031,0.40087478524448905
swc5_sus1,0.3268557598274344,0.42880814445867876
ada2_ada2,0.6735114100476665,0.4143260873063687
hat1_med4,0.3730199133474899,0.415594558483529
med7_hos1,0.403271781799126,0.4196062979238072
eaf5_hst2,0.5740661893779795,0.403679009600243
rpd3_pyk1,0.4230004564474124,0.36265732229081965
nut2_ldb7,0.6395961654157927,0.4181173173366112
ada2_hat2,0.6665352099276032,0.4044156056348539
empty_sfh1,0.2565723296582275,0.4251466601645635
nhp10_med4,0.2823197273623028,0.41038281395616677
eaf3_DAM,0.4035261171644703,0.40790722329598805
swc5_med7,0.3473274743141386,0.41200284174356905
rpd3_med7,0.5928259620777268,0.378636951200335
gapdh_ldb7,0.2278746435738129,0.36019177633934074
vps71_hhf2,0.1845395192855439,0.40980876888882056
cac2_rpd3,0.2341854020289649,0.3708308882040018
empty_ies5,0.2333750706753077,0.42533650828429664
lge1_cdc36,0.6306318203048575,0.39405925442930273
hhf2_esa1,0.2426225032667842,0.401851010802866
gcn5_tdh3,0.3013489398939594,0.3982722442634174
ies5_DAM,0.4690130021291897,0.4030564133489313
nhp6a_dpd4,0.2169973692361235,0.39539999655526187
swd3_swc5,0.4969927912876319,0.39725275203984983
ada2_vp16,0.7052124326171538,0.4012094562803707
gapdh_empty,0.1804150336355761,0.36156416061380015
swd3_ada2,0.6277246727508806,0.3985924166762375
hat2_hmt2,0.1952596267686608,0.4160391769774222
srb7_srb7,0.3958999954772568,0.4251000903985106
dpd4_vps71,0.1585105506036604,0.40006160055162354
gcn5_vps71,0.3269055304740443,0.41530662396730467
dpd4_swd3,0.2220894819773688,0.3973825253820672
sir2_nhp6a,0.2428822406422345,0.3764748154352398
eaf5_srb7,0.5955573485937395,0.4080583040440671
dpd4_swc5,0.163075964999846,0.4033918851272825
nhp10_hos1,0.2611216490310603,0.4267006390810343
hos1_ldb7,0.4382075360565941,0.3982358828290677
ada2_hat1,0.6690356695793355,0.42149833337984444
nut2_sus1,0.6616839996779896,0.41489719334926134
med4_swc5,0.7725357127973709,0.4189558125922871
hhf2_hat1,0.269143273194845,0.4083832295783378
empty_cac2,0.2354574182924353,0.3814207796178072
sfh1_spp1,0.8436757718370583,0.41009270514382135
swc5_pyk1,0.2048640029620296,0.40729639249913546
arp9_swc5,0.2666721051465591,0.40268377667627064
gapdh_ada2,0.1997222705472854,0.4035543565428622
ies5_hat2,0.4367962783030413,0.3909767128351808
snf11_bre2,0.6744899939059571,0.40520641546002023
med7_DAM,0.3740236417562871,0.39373578956659544
vps71_pyk2,0.2797535736826305,0.39813300285830244
hda1_hat2,0.2089725292370093,0.3878988560431268
nhp10_cac2,0.2381071688168188,0.3938663003724979
snf11_btt1,0.70230852468648,0.39905801762157783
bre2_srb7,0.2957740889835166,0.41456124916802606
eaf5_DAM,0.5759673269096628,0.41957939896891805
dpd4_rtt102,0.1829162367182145,0.4141294437869095
arp9_arp9,0.2833934701760374,0.3916776925496965
pyk2_mig1,0.2165174704944131,0.3935950173616623
esa1_btt1,0.4436591498067495,0.4156754224239568
hat2_pyk1,0.1844168194919734,0.4187584651083602
vp16_DAM,0.8626434644491559,0.4025102963057281
sir2_sus1,0.2040550960544561,0.37923989738363173
hst2_eaf5,0.2065163803620746,0.40019039920658556
tdh3_ldb7,0.2191904908663497,0.3657763922517518
bre2_ada2,0.4018792257268679,0.413982694422344
hda1_dpd4,0.200642584193892,0.3949783749855046
vp16_rtt102,0.8729888700983284,0.37598787323399285
hst2_DAM,0.2585156954937557,0.3934821742555716
sus1_hat1,0.6445026074260465,0.4093838771092102
srb7_hst2,0.3412965961982174,0.3905955278201115
med7_ada2,0.5371578856834088,0.41703472228788074
nhp10_sir2,0.2585124171135148,0.4020002199443474
hhf2_ies5,0.2395727583328057,0.4366579812976798
hos1_eaf3,0.376064995512228,0.396360459376402
hda1_hmt2,0.2392667353865666,0.39231463693558805
med7_esa1,0.3800110994622329,0.4156898637931981
rtt102_nut2,0.5294981883211418,0.40071466282701146
swd3_eaf3,0.5087352027856145,0.39040629690482254
hda1_med4,0.2879105509937718,0.4033916303951763
hhf2_DAM,0.260549263033446,0.39985829316123184
hos2_swd3,0.4712844556521496,0.39182024803751825
ies5_eaf3,0.4676749015197057,0.398174571624497
bre2_med7,0.365340416899898,0.4122292388713797
pyk2_pyk1,0.2441221285520646,0.38186292766844665
snf11_tdh3,0.556356251968517,0.35973979509658927
hat2_mig1,0.183124672187504,0.3932185917685468
sfh1_hmt2,0.6706523727916002,0.4045507582803744
hmt2_arp9,0.3049508800138887,0.3921426055774996
hos1_tdh3,0.2693468868325219,0.39078298345012297
vp16_ada2,0.8554510761399989,0.41888781553856347
vps71_mig1,0.2431081998651539,0.3789543774147822
rtt102_arp9,0.4711853644535404,0.39206855799925006
rtt102_snf11,0.6333710874763956,0.4162625003260757
hst2_hmt2,0.2978635466811901,0.3903236503370053
srb7_pyk2,0.3200487069017346,0.3979357912995085
cac2_hat2,0.2820552085817805,0.3852061021047682
DAM_vp16,0.671387306581906,0.38817038705467993
sir2_pyk1,0.2155333287420897,0.36312966912490785
med4_swd3,0.761256786016306,0.39379156845087215
srb7_lge1,0.3929135073671368,0.3942815469493286
hat2_nhp10,0.3011156604586931,0.40196526087641077
eaf5_lge1,0.5807159525500867,0.39212513061691134
hos1_bre2,0.3079825538728427,0.409432943581441
srb7_DAM,0.3927619502643881,0.42929848627832157
spp1_arp9,0.2471036945459267,0.39782727285682873
pyk2_hat1,0.2270891790760787,0.38956650447295177
vp16_gapdh,0.8012121238101015,0.3810349655144762
hos2_swc5,0.4686311296959558,0.4037805261382554
hos1_rpd3,0.350642873989511,0.39306184355164425
spp1_snf11,0.5270337009277528,0.41097374114805296
sfh1_lge1,0.8381621580205122,0.40533782640207955
btt1_sus1,0.4213101431128214,0.38591421125518677
empty_hmt2,0.2352916233151148,0.3560315846981138
btt1_nhp10,0.1895554129479446,0.42058727769501575
spp1_pyk2,0.2262904684915753,0.39470613746786365
nut2_vp16,0.768939764325109,0.4034988735143071
sus1_swc5,0.6324866742877457,0.4226387305385665
hmt2_arp6,0.2711908389901935,0.3831056490434525
arp9_rpd3,0.1913912580848181,0.40256043815162645
lge1_gcn5,0.6007222394917853,0.3999141342682574
swc5_nhp10,0.2715155944035124,0.4177886259679061
rpd3_sus1,0.50992675623926,0.39647372487059795
ldb7_hat2,0.5571193919759073,0.40090588045249304
hos1_nhp10,0.2220336742522499,0.42951514225136367
lge1_lge1,0.5333681303094789,0.37058011029185567
nhp10_cdc36,0.2473705216813232,0.41347570055881344
ada2_rpd3,0.6843769926430142,0.3973403852942313
htl1_hos2,0.4058744684646143,0.39504839426680605
ies5_sus1,0.5560479247643026,0.4260401373471648
bre2_gapdh,0.2689471233437207,0.36598104087863226
gcn5_gapdh,0.3327443858953149,0.39897972811155824
dpd4_med4,0.2226161577990103,0.38900782509188236
eaf5_hat1,0.5655966339507588,0.4199029375005525
eaf5_htl1,0.6315818550688419,0.4255911742050814
vp16_vps71,0.8798845720974457,0.38753407474452406
snf11_hat2,0.684466276582888,0.37587643463875076
eaf3_ies5,0.3252959400671716,0.4067609838993173
ada2_dpd4,0.62872458739379,0.41382179829562676
dpd4_vp16,0.3456030127597097,0.3895989480943834
nhp6a_spp1,0.1276827007960831,0.38742579851175846
spp1_gcn5,0.3102204423007514,0.4070204312046572
DAM_rtt102,0.4013674103676905,0.3882280006392542
bre2_rtt102,0.2916873315928338,0.4085459776371472
pyk1_ies5,0.1790486466459556,0.3655605735192746
arp6_empty,0.3645549598712427,0.3879640986226169
med4_hhf2,0.7519546700330149,0.4125396996097991
tdh3_swd3,0.2069837125774685,0.3582256343453897
hat1_sus1,0.2492466312097639,0.4177746440044602
gcn5_lge1,0.3941670915668988,0.4081956010449538
swd3_sfh1,0.6128817402776849,0.395599990585224
lge1_gapdh,0.3832516087310075,0.372220521894556
sus1_hos2,0.6780975688611147,0.39599085297078884
ldb7_gcn5,0.6661435529213525,0.4058151345415527
swd3_hmt2,0.4024963930693495,0.373873690590802
mig1_sus1,0.200989493666596,0.37558325718728014
DAM_empty,0.293103683324721,0.4131064454381553
esa1_bre2,0.4452941834333382,0.4079503918628749
tdh3_vp16,0.2316854261425651,0.3630555694607556
snf11_hmt2,0.5800780071555959,0.3999102812875554
htl1_hat2,0.3853979171406565,0.40155122466833354
bre2_mig1,0.1922268604600946,0.39815109131941634
sus1_mig1,0.4509998960641532,0.3798345792000456
eaf5_sir2,0.5153402563232268,0.39685219938360594
gapdh_hat1,0.2085030032564432,0.39107507416896703
vps71_med7,0.401369869752877,0.4048257647101333
sfh1_cdc36,0.8275475853094667,0.41577850177001974
pyk2_btt1,0.2393130358316491,0.35860465807493436
DAM_lge1,0.2742032263994077,0.40128031603765
DAM_rpd3,0.3380614332720547,0.37254990425803536
cac2_nhp10,0.2154242851364469,0.38376332506388894
eaf3_hat1,0.2566009142072124,0.4109223073410553
hos2_cac2,0.3128997107631923,0.38580638390707345
hst2_htl1,0.2657870954043647,0.3961605031604729
cac2_bre2,0.3794309029684939,0.39477029487913434
hst2_pyk2,0.2233964974735713,0.37549444226169176
htl1_sir2,0.2942069236691488,0.3827678694732705
hmt2_swc5,0.2215394072813224,0.40065620278722774
ada2_hmt2,0.5969206509934222,0.40637820428720917
rtt102_pyk1,0.3412444907459379,0.3792258802991719
htl1_nhp6a,0.3679885291714969,0.4191864068596954
btt1_ies5,0.219888643310266,0.3991001920630095
gapdh_srb7,0.1945705155977441,0.35540456213750227
hmt2_med7,0.2238883191366606,0.38832711031325334
sus1_nhp6a,0.6562215519063141,0.40448868560221507
med4_spp1,0.8010779314100615,0.4124527651943514
gcn5_srb7,0.3445451702661338,0.4088482339406713
swd3_spp1,0.4808953358129336,0.38425262643303826
srb7_hat2,0.3702025151053657,0.42141792081408
btt1_nhp6a,0.2815379048061341,0.401139275591745
nhp6a_swd3,0.1435245314714065,0.36811671147323854
eaf3_hhf2,0.3229327940746518,0.3934053641888088
hat2_tdh3,0.2356045298388537,0.3931502587718708
lge1_ies5,0.3149044259043581,0.3877428081723773
ldb7_med4,0.7077815595885639,0.4107498745517165
sfh1_srb7,0.7702048562310435,0.439555601286475
htl1_eaf3,0.4662434381814304,0.41116508441262056
empty_med7,0.3069618482008689,0.4001334550542149
snf11_srb7,0.6986545076433779,0.4251957510556349
gcn5_vp16,0.5824351994524044,0.39002154662228516
nut2_htl1,0.5103978411785721,0.42466586650795185
hat2_cdc36,0.34731180497517,0.4069676062621965
ies5_srb7,0.5016440216246304,0.43084120604594445
mig1_spp1,0.1569159110368853,0.40077089347578065
tdh3_bre2,0.208756287514602,0.3726858023260863
nhp6a_eaf3,0.1712961534683719,0.409128478650557
lge1_swc5,0.4897543600939169,0.39788239288690536
cac2_btt1,0.2437035643115497,0.38599208830313236
sus1_dpd4,0.6040688574390722,0.4006668134115533
esa1_hat1,0.4256274845132543,0.4194567549451544
sus1_srb7,0.6807938109632777,0.4163994107391742
lge1_vp16,0.7262604941091118,0.36481694239422147
spp1_eaf3,0.2456627534905311,0.39884427752714224
rpd3_med4,0.6651529274540979,0.40774994565498435
htl1_tdh3,0.3180097177106117,0.37361425495921136
gapdh_gapdh,0.1933958642470278,0.3389917343791773
eaf3_vp16,0.4806337920058918,0.3950969952057668
hmt2_pyk1,0.2118823843725968,0.3931836877217445
sir2_ies5,0.2232634914723091,0.3771036954831686
pyk1_hhf2,0.3066411062675412,0.3826184222570128
spp1_sfh1,0.2607133412758019,0.4090035714698431
pyk2_gapdh,0.2360635897277442,0.3708564756811619
hos2_empty,0.542168917528554,0.3930013199074644
sir2_tdh3,0.2126698665718283,0.3507966898335612
spp1_eaf5,0.3199740117575626,0.40864571415262296
hst2_tdh3,0.2544974328810885,0.350778383422222
arp9_hmt2,0.2318128448300611,0.398544996643565
sus1_swd3,0.6880172030565621,0.36931913314156645
swd3_ldb7,0.6714348398447565,0.3905675152869572
lge1_rpd3,0.5220331542511168,0.3841195773195545
nut2_hos2,0.5810174478714862,0.4123516362177255
rpd3_vp16,0.7242003100941197,0.4218011881096646
hat2_med7,0.2759791597295566,0.36922681864709245
hat2_gcn5,0.2734601494100238,0.3975326945232174
sus1_bre2,0.6521606659392714,0.4102864947612471
hos2_med4,0.6456401566872969,0.41995341727746055
sfh1_med7,0.8562276321458205,0.4211457470351223
pyk1_cac2,0.3146288717680903,0.3596618370451973
eaf5_snf11,0.737748117244488,0.4158350165378022
mig1_pyk1,0.1478840770324131,0.39021756700798244
htl1_nut2,0.4684689452929013,0.41320588979413647
cac2_hmt2,0.2102823533648133,0.3763177320001559
med4_nut2,0.8327520280811258,0.4191760551511855
hda1_hat1,0.2123768298102218,0.39557762978684385
cac2_ies5,0.1811093702756519,0.37569074473443115
pyk1_hos1,0.255592783466431,0.39672987278146987
hat2_esa1,0.2248301503289015,0.3894526798581184
tdh3_nut2,0.2005682273518618,0.34840802008866506
nut2_srb7,0.6869212563405878,0.4118863209312498
eaf3_empty,0.2197689240456742,0.3824975399322322
hos1_dpd4,0.2889537125697551,0.40819632266582606
ies5_hst2,0.3718142224879006,0.40131817577553
tdh3_hos1,0.2253958018783292,0.38337397814344093
tdh3_arp9,0.2387514637718639,0.37859687928804
ldb7_sfh1,0.6035262815094984,0.42276311485221146
pyk2_cdc36,0.2826970766940283,0.38232807608745245
rtt102_tdh3,0.3610488652197537,0.37243099244770683
hos1_ies5,0.2364025202128654,0.4147380494983617
sir2_nhp10,0.2269410813974712,0.40048750066744787
hst2_nut2,0.2390602120973881,0.3830984361967844
nhp6a_hhf2,0.1681788157198595,0.39495105426446536
pyk2_nhp6a,0.2538327266782433,0.37649381979775065
sfh1_gcn5,0.8539083679372603,0.419155876056247
swc5_vp16,0.5979176690037551,0.42395108367083023
swc5_hhf2,0.1922071233042949,0.4205241056732717
sir2_hos1,0.250038460426558,0.3900514534529574
rtt102_mig1,0.1855160365763324,0.3582700839557478
srb7_tdh3,0.3420507407662422,0.38813125179802627
htl1_pyk2,0.3321726018983144,0.40646012032452594
hos1_srb7,0.3687773801287883,0.3923385218801964
ldb7_pyk2,0.5395630683772101,0.3821618049580408
sir2_gcn5,0.2235243527638329,0.38260820778687976
hst2_hat1,0.2547150678663223,0.3948958393152776
med7_hat2,0.3509364875841811,0.4004930086155789
lge1_eaf3,0.4859714317361837,0.3929251534997423
cac2_sus1,0.3523032970409468,0.3976544284083722
htl1_empty,0.3605793849615359,0.4195699981190908
rtt102_cdc36,0.5361901955293873,0.4013902292763414
vp16_hos2,0.8662219216178437,0.45523831977316465
ies5_spp1,0.4580786532725519,0.4004337962162525
med7_vp16,0.6652905775983484,0.3826984698397778
sfh1_pyk1,0.6937374360947636,0.4026068706429371
tdh3_hos2,0.2067927350075176,0.3789042552070106
ldb7_eaf3,0.5250141357765482,0.41163004028942857
swd3_mig1,0.25252136334909,0.37870834149255783
vp16_lge1,0.8481892769417458,0.3733714707281367
empty_dpd4,0.189730497874786,0.3949771775028657
tdh3_srb7,0.1977245686721853,0.36444646194915964
mig1_swc5,0.2335597241763585,0.37813282561947653
hmt2_rtt102,0.2053827679062302,0.387899106632818
cac2_med4,0.3950038316893936,0.3809580250807043
eaf5_empty,0.5968955645967859,0.4138929977828096
pyk2_hat2,0.2589156142585302,0.3995591692796803
btt1_hmt2,0.2623365006962489,0.39730173277237735
tdh3_sus1,0.2099668992077852,0.3486306501328487
med7_sus1,0.5128102427564744,0.41483370286371174
srb7_sfh1,0.5116405637752031,0.44057624061832595
hda1_srb7,0.1966727568460702,0.4053573270223116
eaf5_arp9,0.5560303867855021,0.41828353219261505
tdh3_gapdh,0.1965726768464374,0.33957718892856326
vp16_srb7,0.84636454479324,0.4333159718907037
cac2_sfh1,0.3356157093982124,0.39527626822915385
htl1_rpd3,0.4270299893090198,0.3919444549034513
nhp10_mig1,0.2628317300354965,0.3839616773275301
btt1_gapdh,0.2404212603754969,0.3393213984519868
nut2_lge1,0.5837135506744651,0.3879451479378364
cac2_swd3,0.3396879183167314,0.3746898444010862
swd3_med4,0.6916452771350303,0.3925463458220776
nut2_ada2,0.6743050084279844,0.42401909491113093
hmt2_hos2,0.2352796437895425,0.3983837218584476
eaf5_hos2,0.6286767673063463,0.39616678911457887
rtt102_sir2,0.293786641714195,0.38936265991350677
hat1_eaf3,0.3016867669166833,0.40985174483901565
nut2_eaf3,0.5850634486646711,0.4099737330801256
rpd3_DAM,0.427396884119099,0.38733648198998594
bre2_arp6,0.2424268829979412,0.3887915873235503
gcn5_snf11,0.6294288212247052,0.4079784040854436
hst2_cdc36,0.1680850572240272,0.3788741677108129
pyk1_med4,0.2310774071336241,0.3834168209378622
mig1_gapdh,0.1812132584535009,0.382775933115272
eaf3_ada2,0.2681059453360943,0.4070201291274992
ldb7_btt1,0.5358148213815086,0.39852573320430884
hst2_rpd3,0.2389008998070054,0.3816174988988308
med7_swc5,0.368311287279195,0.4055712159130452
sfh1_DAM,0.8193824793662995,0.42769683559044447
ada2_snf11,0.7200259716752013,0.4253774712608787
pyk2_med4,0.2870453529807934,0.40621601234868104
pyk2_spp1,0.2296658639089015,0.40962216439322235
empty_tdh3,0.2155075050029927,0.35603909955123525
btt1_swd3,0.30683074558754,0.35984336188870175
rpd3_lge1,0.5266047555291958,0.3801200569509083
gapdh_nut2,0.1957930153669071,0.3666498568387531
rtt102_lge1,0.4508238892639071,0.3830845943476452
bre2_arp9,0.2522020049175533,0.40512880024953435
rpd3_htl1,0.5722211616870083,0.4216860147982396
lge1_arp9,0.3895534244221805,0.39420383894438793
sfh1_esa1,0.8285958394123453,0.4127499755212912
pyk1_dpd4,0.2482995746727389,0.37141670450185127
lge1_hos2,0.4331335855316429,0.3826543020447347
hda1_med7,0.3352933272455069,0.4100238481956091
btt1_hos2,0.2793874092100856,0.37174645088600344
med4_hat1,0.7862912383791105,0.4148263908870227
dpd4_eaf3,0.1961118280196696,0.395550986823673
hda1_sir2,0.2167802384289969,0.3685814822442004
nut2_nhp6a,0.5872742155655432,0.404856398858772
dpd4_pyk2,0.1856480868110077,0.3880370235139978
gapdh_nhp10,0.2154939114881537,0.39115919747652095
hhf2_spp1,0.2261115921549857,0.3954519026134404
tdh3_hat1,0.2192524314735176,0.3915910269458796
btt1_med4,0.498849943152594,0.4116135813106143
bre2_gcn5,0.4315773720942882,0.4134449297786931
spp1_sir2,0.1810299543449683,0.3951517594033482
htl1_arp9,0.4145331066988991,0.39882552334173943
vps71_ldb7,0.4787426420955672,0.4001339803669267
arp6_srb7,0.3913384465162437,0.3950524763793169
btt1_vp16,0.6518581194771266,0.41640429803437395
vps71_nhp6a,0.2606089192952537,0.39694206163066004
swc5_swc5,0.2229576770159521,0.4075871899517488
rtt102_rtt102,0.478555452815275,0.3981113177944872
nhp6a_nhp6a,0.1754236419583054,0.4085578741245027
vp16_htl1,0.8079229215906081,0.42296985802402864
bre2_vp16,0.5478612888885779,0.4105506623803493
med7_hmt2,0.3331211445740621,0.3918353314872373
ies5_rpd3,0.4823084349268122,0.3943769829114403
tdh3_hhf2,0.1863026713078701,0.36116928900838213
arp9_pyk2,0.1619476846604434,0.39835469273348834
hmt2_sus1,0.2230898594528154,0.4170985207796756
ldb7_snf11,0.8011033820288325,0.40111804781855154
eaf3_nhp10,0.2288568045594418,0.4080598179176903
dpd4_DAM,0.1656439255952583,0.4000679730640694
med7_gapdh,0.3419043233395467,0.38446174982123427
ldb7_nut2,0.6681941403757707,0.40101461535066923
mig1_btt1,0.1421695703641982,0.3670820825996885
srb7_hos2,0.3927661846451503,0.39684690791956945
med4_hat2,0.782345039950783,0.3939738213198293
swd3_hat2,0.5013491171705917,0.37815494739927946
sus1_vps71,0.6540007623094043,0.41995387495952574
tdh3_gcn5,0.235413739129432,0.39166670778191526
rtt102_gcn5,0.5555843342180665,0.3987392222903851
pyk2_hmt2,0.2154706142356625,0.369157149362563
bre2_swd3,0.3304156040794233,0.38487781463646387
pyk2_rtt102,0.2140220966465416,0.3713599794550352
vp16_bre2,0.8674378252503656,0.3763884234744613
vps71_med4,0.4530800480149894,0.40400804894190784
pyk2_tdh3,0.2382114763472362,0.3747421736205687
pyk2_med7,0.2576962258906135,0.39232408191171647
pyk2_ies5,0.3014414789953755,0.4015242821617021
ada2_spp1,0.6769785084369183,0.41299425913761567
srb7_ies5,0.2931901000606089,0.445739241424847
med4_cdc36,0.8000446891657802,0.40839765597289246
rpd3_swc5,0.5191319877151477,0.41231247073837335
esa1_cdc36,0.4934416688376324,0.42678768076402895
gapdh_hos1,0.2047765920092863,0.37995239262706026
swc5_arp9,0.2326903040360325,0.4151907881683827
srb7_spp1,0.4244953397055661,0.400995186697761
hat2_eaf3,0.2755043721959483,0.3967864185169649
nhp10_sus1,0.271148123523621,0.4326831096982881
rpd3_spp1,0.5144256711244515,0.3859787439709251
gapdh_DAM,0.178172327253363,0.3898669132689291
ldb7_lge1,0.6131131711907994,0.3837249524052284
eaf3_mig1,0.2020555696547079,0.38772730289278445
snf11_eaf3,0.6504254509132859,0.4065884777026706
sus1_ldb7,0.6770827428066726,0.40542339045732145
sir2_eaf3,0.2208342243529626,0.38246610000293835
sfh1_vp16,0.8366625344234168,0.43815012985666546
vp16_hat1,0.832646485101139,0.40309260463113306
swd3_ies5,0.3133287954306485,0.3780122071173899
srb7_swd3,0.4166633769977521,0.37921258032873184
nhp6a_vp16,0.4944584242877855,0.38603164231127707
swc5_gcn5,0.379414190141274,0.41288187405949767
vps71_pyk1,0.2062542076934524,0.400177768813271
med7_nut2,0.6862627073585656,0.41818830258002365
srb7_esa1,0.4303835552351561,0.4128803586187167
med4_nhp10,0.6611221004239509,0.4217546758086878
nhp6a_tdh3,0.1813707338819149,0.3654840983576483
srb7_eaf3,0.4446147011700682,0.39294786772452506
esa1_arp9,0.4321250531675911,0.4053243817005433
arp9_hhf2,0.216889603381801,0.39366868343683065
hmt2_hhf2,0.254709730494342,0.3835169894907654
srb7_btt1,0.4158886533352902,0.40690029328537913
eaf5_eaf5,0.5825981765610202,0.41795883236552583
eaf5_hhf2,0.4871243083359123,0.4077511170530979
ada2_hos1,0.643953775948232,0.40646274480666145
mig1_sir2,0.1331319772556833,0.391331524090383
sus1_empty,0.6635451973771087,0.38172440088403614
nhp6a_esa1,0.1827396156977489,0.4271761090754315
btt1_bre2,0.2726864060394733,0.3947750777601143
pyk2_hos2,0.1765705179593957,0.3939952604028349
hos2_nhp10,0.2047399383171836,0.43521599303521374
nut2_btt1,0.6109137108519196,0.39907745163006947
swc5_empty,0.2320789469096749,0.4132636451483173
hos2_srb7,0.5082263527325234,0.3981337091179872
pyk1_snf11,0.31090094582359,0.37090473082734826
sfh1_sus1,0.8588191535776586,0.42949917973124063
btt1_rpd3,0.2820079007340281,0.37025814939218626
ldb7_arp9,0.6082947248236517,0.4003030271156933
hhf2_vp16,0.229702238214863,0.36142394488683
arp6_swc5,0.3563377932980306,0.38656804026624536
rtt102_htl1,0.4363205665676856,0.4220517198726824
esa1_hat2,0.3964006377916188,0.399541408374802
hst2_pyk1,0.2556695571153463,0.36812250703850097
tdh3_hst2,0.2342904617621648,0.36237853619862603
spp1_ada2,0.3243882107937867,0.4093487509477104
vp16_med4,0.8762622647747357,0.40627830458350306
hat1_dpd4,0.219492317199975,0.4302205282137274
sfh1_nut2,0.7903576901054105,0.4215517993085214
med4_hos1,0.7897646538684414,0.41540957460051375
htl1_pyk1,0.3219733336977401,0.38979227772879604
lge1_ldb7,0.586204905279022,0.38624718786469503
arp6_bre2,0.2731715210729073,0.37426735022391683
hmt2_hst2,0.239122316455399,0.37226854697651324
eaf5_ies5,0.315216831123552,0.3965156826277072
cac2_dpd4,0.2514593941676183,0.3839260385830913
vps71_dpd4,0.2103826862298017,0.40835250408467516
nhp6a_cac2,0.1804737327527225,0.36257077555225375
sir2_cdc36,0.2044101182705195,0.38805509927213944
empty_hos1,0.2234191525073051,0.40643367499880706
pyk1_pyk1,0.2005831911669675,0.3710331683680303
empty_esa1,0.2939786917212652,0.4170038483015763
hos2_rpd3,0.4930095519767548,0.3859892637714192
spp1_srb7,0.228736288347138,0.4087333316374969
htl1_gcn5,0.5503675159877964,0.42601903016649934
hda1_rtt102,0.2820421554059056,0.38273525025004573
eaf5_tdh3,0.5272121440663013,0.3793062286216284
gapdh_tdh3,0.2053486928131461,0.34341288428745687
snf11_pyk1,0.5675093600147767,0.37471075519437574
med4_hmt2,0.6771599126786751,0.4100946988928904
empty_hhf2,0.2135517566701508,0.38712654578740374
hst2_arp9,0.1844734208948937,0.3790033540710503
spp1_swc5,0.2241320808820532,0.4163324399759274
vps71_nhp10,0.2423412728096809,0.41549940664890767
gcn5_btt1,0.3691964579514603,0.3976841243343983
hat2_btt1,0.2494421533943418,0.4064237900049193
eaf5_gapdh,0.5539511351434699,0.377532484285919
ada2_ies5,0.5731128035042325,0.41965863768857664
pyk1_tdh3,0.3101454039047918,0.35431803392475714
arp6_tdh3,0.2921327132390858,0.34804112897551026
empty_spp1,0.2307322371849517,0.39722101771482854
ada2_rtt102,0.6808930646262434,0.4207960603552498
sus1_gcn5,0.7526252800981676,0.4177550272573306
esa1_med7,0.5410298073663473,0.38815682045168837
hos2_btt1,0.527506071874746,0.3828523103109802
hat2_ldb7,0.3696143661558972,0.3917325703778308
vp16_hos1,0.8805794603410697,0.4211604144119407
eaf5_bre2,0.564070161976046,0.408082012476166
hos2_dpd4,0.4017120040432706,0.39961168627670524
vp16_nut2,0.8583537269462957,0.42815348054148533
rtt102_pyk2,0.3607428505270352,0.3956153926159092
sus1_med4,0.7489171762572803,0.4237576570267539
nhp10_ada2,0.3067297327851941,0.4287186471788187
hda1_vp16,0.4247013563232177,0.4109946278013324
swc5_DAM,0.2256237705070463,0.4373626661907379
spp1_nhp6a,0.2679028457316956,0.4045356753811863
hst2_ada2,0.2944497206174735,0.4038722266115726
hos1_snf11,0.6883897664529386,0.40630523823814935
ada2_med7,0.6754289990305602,0.4201512183070735
mig1_htl1,0.3076425181054999,0.37709334620979273
snf11_ldb7,0.7399769700847791,0.4183350403350887
dpd4_nut2,0.1760395083392375,0.4154893304353379
btt1_pyk2,0.2501095763308553,0.3715761047299956
eaf5_cdc36,0.6782920767392269,0.4105278382663252
hda1_htl1,0.1897862295497479,0.4033000481028216
arp6_DAM,0.3232172076194978,0.371893110668553
arp9_mig1,0.1808303853467219,0.3898381762215095
srb7_rpd3,0.4109429335089607,0.40658579779028065
eaf3_ldb7,0.4071050629286538,0.3884459477045097
lge1_sfh1,0.6011768097128729,0.4093235272274699
nhp10_swd3,0.2748702464691291,0.4047141544260329
hda1_sus1,0.3538160801100804,0.40079209653781606
sus1_eaf3,0.6749940559962877,0.4115597566999685
hst2_sfh1,0.2679778831188615,0.42016242437456996
rtt102_eaf3,0.4891415319542365,0.4004407469896554
ada2_mig1,0.5382459213067081,0.40500732997292765
srb7_eaf5,0.5838388299392914,0.4165532498020709
vps71_hat1,0.2577799614495754,0.4105838810547586
rpd3_hmt2,0.4549083404353977,0.3730234867581357
ies5_pyk2,0.4123740407623674,0.3788171723521749
med7_lge1,0.3664774580615704,0.38991954018901487
empty_lge1,0.2233805831934677,0.3663948610187452
ies5_med4,0.5945391658241519,0.41508425664635734
ldb7_hmt2,0.5512963524623105,0.3942990165059631
gapdh_med4,0.2155219224562249,0.37859838556910647
arp6_hat2,0.342485574103572,0.3693690096801795
pyk1_esa1,0.4052980277830388,0.38716330894666484
hmt2_srb7,0.2023026031031401,0.3869037851208482
empty_vps71,0.2203208347688467,0.3989018858049096
lge1_ada2,0.6195678249935934,0.40528678047737254
rtt102_hat1,0.4494494658242995,0.4038054400786319
snf11_swd3,0.7237859250387523,0.3731111809522966
sus1_sus1,0.6799712633577772,0.4506931576356974
hos1_hmt2,0.2490610439412188,0.4039729604893125
swc5_bre2,0.2516182916961244,0.4195675910398967
arp9_pyk1,0.2237532983643184,0.3879735207246915
nhp6a_pyk2,0.3116310185233715,0.39928708304453026
nut2_bre2,0.581008278108553,0.4066515166691217
spp1_med4,0.3095614921349361,0.39904434084237733
srb7_vps71,0.4101470406176196,0.38267385214298566
ies5_cdc36,0.4767239284548663,0.40914182535917876
hos2_ldb7,0.6438843365248286,0.3883103934268564
hos2_bre2,0.4967256564889043,0.39985625603997066
dpd4_cac2,0.1622329273797426,0.387036916473657
rtt102_empty,0.4287130849792103,0.3887439902675826
swc5_cdc36,0.2824944875184556,0.41594056492328507
spp1_hos2,0.2868327865541895,0.3913695172980586
sus1_cdc36,0.7422965861074267,0.42178851260664024
empty_eaf3,0.252365919161102,0.39845890639889275
pyk1_hat1,0.2782490959201058,0.38497885721764613
hos2_esa1,0.5338324400013366,0.4089171964251887
hat1_DAM,0.2684814158092455,0.43032772770607747
srb7_pyk1,0.3093614130963685,0.3890543118664041
esa1_arp6,0.425741627625179,0.3923241465081029
arp9_sfh1,0.3012004052680267,0.40540815150095044
gapdh_hat2,0.2175589464330052,0.35224066090227435
ada2_lge1,0.6795920883255631,0.41126447387198983
esa1_pyk2,0.3441739573357668,0.41081736223288584
btt1_esa1,0.2976850566455881,0.4109789751135922
sir2_ldb7,0.2520625686227256,0.37553688589631906
hos1_pyk1,0.2589558488399273,0.4007789403671849
hst2_esa1,0.302939232681067,0.4052633537352406
gapdh_htl1,0.2100657126831938,0.35974946012797243
hat1_hos1,0.2740461554867932,0.4006862551481927
vp16_sus1,0.8761931787550353,0.4267823680997266
nhp10_arp6,0.2359138025218807,0.38724893920096837
med4_vps71,0.8033110579136915,0.40980265784940806
vp16_snf11,0.8441104342884522,0.4334234091292065
hst2_rtt102,0.2471239779393842,0.37682622899418294
pyk2_ldb7,0.2791252457240027,0.3903823368206957
rtt102_bre2,0.4546527803820832,0.4044856906412164
eaf5_cac2,0.5812755546288424,0.3836137069476392
tdh3_arp6,0.2081553702374013,0.37336453622728555
hda1_swc5,0.2160026809475276,0.39521045643521685
cac2_med7,0.3762516822960735,0.3796161154215043
hmt2_hat2,0.2002078890010196,0.4032287031802046
nut2_rtt102,0.6258207343373972,0.4024926093442011
hat1_ldb7,0.4491744838453235,0.42705628904629805
ies5_hat1,0.4363286438700289,0.4181342042201185
sfh1_med4,0.8531513549801146,0.4226201852244748
snf11_hhf2,0.5569359625713817,0.3976561710712511
empty_rpd3,0.2233223615778615,0.3768213166458605
pyk1_hmt2,0.2402243985955364,0.36895428094398225
ada2_sir2,0.5551524813154649,0.4040029765874304
med7_vps71,0.3197185297584912,0.40596940675212867
bre2_med4,0.4122250538786766,0.42128144475704915
gcn5_hos2,0.4504131577599655,0.38980987404980794
hos1_nut2,0.4548157871095536,0.40261669996961846
hos2_eaf5,0.5653002275237287,0.3970524804087216
spp1_cac2,0.1614840544112439,0.38750183352942297
lge1_htl1,0.5502203027685492,0.3776607768048586
sir2_hos2,0.2461315909152427,0.3723660657041401
btt1_ada2,0.4118788907516881,0.4116550719282921
dpd4_empty,0.1788894521164278,0.408308510640901
sus1_med7,0.7146689537967188,0.42337214266288353
htl1_hmt2,0.3436690939750689,0.4055764725091469
eaf5_sfh1,0.6425498748931247,0.41133926475504906
sir2_swc5,0.2167394144461144,0.3998969489556906
mig1_snf11,0.4484393244319359,0.3845454596649443
htl1_ada2,0.5904620069378159,0.42331473338985665
hos2_rtt102,0.5909747120544031,0.356393087966261
med4_pyk1,0.675297218380213,0.3839185166663861
rpd3_pyk2,0.3719799519877534,0.3807344928814932
ldb7_htl1,0.6301879693053618,0.4288810778059643
sus1_cac2,0.6725260189766955,0.39111119968585656
lge1_srb7,0.4969148594719192,0.3885277468888792
pyk2_sfh1,0.2774790772179258,0.42935593249910314
spp1_empty,0.224767771120898,0.39713269290761766
bre2_tdh3,0.3210474744943112,0.36149009633699436
rtt102_btt1,0.4656345314995188,0.4029770139051796
hos2_hmt2,0.5036855890401539,0.40375822611160794
rtt102_sfh1,0.4835920404004329,0.43199630738358064
ldb7_ada2,0.59514483679256,0.42103713771692497
htl1_vp16,0.7032908199701599,0.43119593523050337
nhp10_srb7,0.268917410189828,0.4200021870851669
med4_ldb7,0.7394905664066647,0.4115380182068866
snf11_empty,0.6733282202756733,0.4142967346291021
sfh1_eaf3,0.7907921632927011,0.4123991231057862
rtt102_hos2,0.4545662287565878,0.4083419564748097
mig1_lge1,0.1480805786995493,0.36497099114545317
hos1_med4,0.5358990118292482,0.41421130753040214
vp16_dpd4,0.8488346313329456,0.40146134531169503
spp1_btt1,0.2579198905907823,0.39895731391777356
